method,problem,x0,x_final,f_final,grad_norm_final,iterations,func_calls,grad_calls,hess_calls,converged,status,experiment,n,condition_number,x_star,restarts,fallback_count,accepted_steps,final_delta,skipped_updates,memory,scipy_status,start_index,nearest_minimum,nearest_minimum_point,nearest_minimum_distance
quadratic_cg,quadratic_n2_k1,"[0, 0]","[-1.115524172, -0.4526328251]",-0.7246353258848454,2.7755575615628914e-16,1,1,2,0,True,converged,quadratic_grid,2.0,1.0,"[-1.115524172, -0.4526328251]",,,,,,,,,,,
nonlinear_cg_fr,quadratic_n2_k1,"[0, 0]","[-1.115524172, -0.4526328251]",-0.7246353258848452,6.684427777288335e-16,1,3,2,0,True,converged,quadratic_grid,2.0,1.0,"[-1.115524172, -0.4526328251]",0.0,,,,,,,,,,
nonlinear_cg_pr,quadratic_n2_k1,"[0, 0]","[-1.115524172, -0.4526328251]",-0.7246353258848452,6.684427777288335e-16,1,3,2,0,True,converged,quadratic_grid,2.0,1.0,"[-1.115524172, -0.4526328251]",0.0,,,,,,,,,,
newton_cholesky,quadratic_n2_k1,"[0, 0]","[-1.115524172, -0.4526328251]",-0.7246353258848451,2.2887833992611187e-16,1,1,2,1,True,converged,quadratic_grid,2.0,1.0,"[-1.115524172, -0.4526328251]",,,,,,,,,,,
newton_direction,quadratic_n2_k1,"[0, 0]","[-1.115524172, -0.4526328251]",-0.7246353258848452,0.0,1,3,3,1,True,converged,quadratic_grid,2.0,1.0,"[-1.115524172, -0.4526328251]",,0.0,,,,,,,,,
dogleg,quadratic_n2_k1,"[0, 0]","[-1.115524172, -0.4526328251]",-0.7246353258848452,0.0,2,5,3,2,True,converged,quadratic_grid,2.0,1.0,"[-1.115524172, -0.4526328251]",,,2.0,2.0,,,,,,,
dfp,quadratic_n2_k1,"[0, 0]","[-1.115524172, -0.4526328251]",-0.7246353258848452,6.684427777288335e-16,1,3,3,0,True,converged,quadratic_grid,2.0,1.0,"[-1.115524172, -0.4526328251]",0.0,,,,0.0,,,,,,
bfgs,quadratic_n2_k1,"[0, 0]","[-1.115524172, -0.4526328251]",-0.7246353258848452,6.684427777288335e-16,1,3,3,0,True,converged,quadratic_grid,2.0,1.0,"[-1.115524172, -0.4526328251]",0.0,,,,0.0,,,,,,
lbfgs,quadratic_n2_k1,"[0, 0]","[-1.115524172, -0.4526328251]",-0.7246353258848452,6.684427777288335e-16,1,3,4,0,True,converged,quadratic_grid,2.0,1.0,"[-1.115524172, -0.4526328251]",0.0,,,,0.0,10.0,,,,,
scipy_newton_cg,quadratic_n2_k1,"[0, 0]","[0, 0]",0.0,1.2038565744181031,0,1,1,0,False,scipy_not_installed,quadratic_grid,2.0,1.0,"[-1.115524172, -0.4526328251]",,,,,,,not_installed,,,,
quadratic_cg,quadratic_n2_k10,"[0, 0]","[0.7447565993, -1.521766263]",-7.985608576615407,3.03543989777123e-14,2,1,3,0,True,converged,quadratic_grid,2.0,10.0,"[0.7447565993, -1.521766263]",,,,,,,,,,,
nonlinear_cg_fr,quadratic_n2_k10,"[0, 0]","[0.7447566015, -1.521766256]",-7.985608576615409,8.542082955756984e-09,41,154,42,0,True,converged,quadratic_grid,2.0,10.0,"[0.7447565993, -1.521766263]",2.0,,,,,,,,,,
nonlinear_cg_pr,quadratic_n2_k10,"[0, 0]","[0.7447565978, -1.521766264]",-7.985608576615409,9.681959899782669e-09,35,146,36,0,True,converged,quadratic_grid,2.0,10.0,"[0.7447565993, -1.521766263]",10.0,,,,,,,,,,
newton_cholesky,quadratic_n2_k10,"[0, 0]","[0.7447565993, -1.521766263]",-7.985608576615409,0.0,1,1,2,1,True,converged,quadratic_grid,2.0,10.0,"[0.7447565993, -1.521766263]",,,,,,,,,,,
newton_direction,quadratic_n2_k10,"[0, 0]","[0.7447565993, -1.521766263]",-7.985608576615408,0.0,1,3,3,1,True,converged,quadratic_grid,2.0,10.0,"[0.7447565993, -1.521766263]",,0.0,,,,,,,,,
dogleg,quadratic_n2_k10,"[0, 0]","[0.7447565993, -1.521766263]",-7.985608576615409,0.0,2,5,3,2,True,converged,quadratic_grid,2.0,10.0,"[0.7447565993, -1.521766263]",,,2.0,2.0,,,,,,,
dfp,quadratic_n2_k10,"[0, 0]","[0.7447565993, -1.521766263]",-7.985608576615409,1.1604755793909998e-10,4,12,9,0,True,converged,quadratic_grid,2.0,10.0,"[0.7447565993, -1.521766263]",0.0,,,,1.0,,,,,,
bfgs,quadratic_n2_k10,"[0, 0]","[0.7447565993, -1.521766263]",-7.985608576615409,3.540995498107602e-11,6,18,13,0,True,converged,quadratic_grid,2.0,10.0,"[0.7447565993, -1.521766263]",0.0,,,,2.0,,,,,,
lbfgs,quadratic_n2_k10,"[0, 0]","[0.7447565997, -1.521766264]",-7.985608576615409,6.47734388061444e-09,9,22,28,0,True,converged,quadratic_grid,2.0,10.0,"[0.7447565993, -1.521766263]",0.0,,,,1.0,10.0,,,,,
scipy_newton_cg,quadratic_n2_k10,"[0, 0]","[0, 0]",0.0,12.123491212104959,0,1,1,0,False,scipy_not_installed,quadratic_grid,2.0,10.0,"[0.7447565993, -1.521766263]",,,,,,,not_installed,,,,
quadratic_cg,quadratic_n2_k100,"[0, 0]","[0.8635800608, -0.4376240177]",-43.8644882136699,7.128925231615104e-13,2,1,3,0,True,converged,quadratic_grid,2.0,100.0,"[0.8635800608, -0.4376240177]",,,,,,,,,,,
nonlinear_cg_fr,quadratic_n2_k100,"[0, 0]","[0.8635800628, -0.4376240087]",-43.864488213669915,9.971525277424583e-09,2426,96997,2427,0,True,converged,quadratic_grid,2.0,100.0,"[0.8635800608, -0.4376240177]",10.0,,,,,,,,,,
nonlinear_cg_pr,quadratic_n2_k100,"[0, 0]","[0.8635800874, -0.4376238776]",-43.8644882136699,3.7259962251089273e-07,3000,103267,3001,0,False,max_iter_reached,quadratic_grid,2.0,100.0,"[0.8635800608, -0.4376240177]",26.0,,,,,,,,,,
newton_cholesky,quadratic_n2_k100,"[0, 0]","[0.8635800608, -0.4376240177]",-43.864488213669894,2.929642751054232e-14,1,1,2,1,True,converged,quadratic_grid,2.0,100.0,"[0.8635800608, -0.4376240177]",,,,,,,,,,,
newton_direction,quadratic_n2_k100,"[0, 0]","[0.8635800608, -0.4376240177]",-43.864488213669894,3.552713678800501e-15,1,3,3,1,True,converged,quadratic_grid,2.0,100.0,"[0.8635800608, -0.4376240177]",,0.0,,,,,,,,,
dogleg,quadratic_n2_k100,"[0, 0]","[0.8635800608, -0.4376240177]",-43.864488213669894,3.552713678800501e-15,1,3,2,1,True,converged,quadratic_grid,2.0,100.0,"[0.8635800608, -0.4376240177]",,,1.0,1.0,,,,,,,
dfp,quadratic_n2_k100,"[0, 0]","[0.8635800608, -0.4376240177]",-43.864488213669894,3.552713678800501e-15,3,13,7,0,True,converged,quadratic_grid,2.0,100.0,"[0.8635800608, -0.4376240177]",0.0,,,,1.0,,,,,,
bfgs,quadratic_n2_k100,"[0, 0]","[0.8635800608, -0.4376240177]",-43.86448821366989,1.2511804674465681e-11,3,13,7,0,True,converged,quadratic_grid,2.0,100.0,"[0.8635800608, -0.4376240177]",0.0,,,,0.0,,,,,,
lbfgs,quadratic_n2_k100,"[0, 0]","[0.8635800608, -0.4376240177]",-43.8644882136699,6.089094353662272e-10,5,21,20,0,True,converged,quadratic_grid,2.0,100.0,"[0.8635800608, -0.4376240177]",0.0,,,,0.0,10.0,,,,,
scipy_newton_cg,quadratic_n2_k100,"[0, 0]","[0, 0]",0.0,93.63171518740036,0,1,1,0,False,scipy_not_installed,quadratic_grid,2.0,100.0,"[0.8635800608, -0.4376240177]",,,,,,,not_installed,,,,
quadratic_cg,quadratic_n2_k1000,"[0, 0]","[-0.1605034331, 2.112726181]",-254.8131361280231,8.07251801799593e-11,2,1,3,0,True,converged,quadratic_grid,2.0,1000.0,"[-0.1605034331, 2.112726181]",,,,,,,,,,,
nonlinear_cg_fr,quadratic_n2_k1000,"[0, 0]","[-0.1605034282, 2.112726191]",-254.81313612802322,2.1514788301370166e-06,3000,127413,3001,0,False,max_iter_reached,quadratic_grid,2.0,1000.0,"[-0.1605034331, 2.112726181]",14.0,,,,,,,,,,
nonlinear_cg_pr,quadratic_n2_k1000,"[0, 0]","[-0.1605034936, 2.112725964]",-254.8131361280232,1.1397992332580756e-06,3000,81834,3001,0,False,max_iter_reached,quadratic_grid,2.0,1000.0,"[-0.1605034331, 2.112726181]",1058.0,,,,,,,,,,
newton_cholesky,quadratic_n2_k1000,"[0, 0]","[-0.1605034331, 2.112726181]",-254.81313612802313,0.0,1,1,2,1,True,converged,quadratic_grid,2.0,1000.0,"[-0.1605034331, 2.112726181]",,,,,,,,,,,
newton_direction,quadratic_n2_k1000,"[0, 0]","[-0.1605034331, 2.112726181]",-254.81313612802316,0.0,1,3,3,1,True,converged,quadratic_grid,2.0,1000.0,"[-0.1605034331, 2.112726181]",,0.0,,,,,,,,,
dogleg,quadratic_n2_k1000,"[0, 0]","[-0.1605034331, 2.112726181]",-254.81313612802313,2.842170943040401e-14,2,5,3,2,True,converged,quadratic_grid,2.0,1000.0,"[-0.1605034331, 2.112726181]",,,2.0,2.0,,,,,,,
dfp,quadratic_n2_k1000,"[0, 0]","[-0.1605034331, 2.112726181]",-254.81313612802313,0.0,3,16,7,0,True,converged,quadratic_grid,2.0,1000.0,"[-0.1605034331, 2.112726181]",0.0,,,,1.0,,,,,,
bfgs,quadratic_n2_k1000,"[0, 0]","[-0.1605034332, 2.112726181]",-254.81313612802307,3.7694567159996197e-10,3,16,7,0,True,converged,quadratic_grid,2.0,1000.0,"[-0.1605034331, 2.112726181]",0.0,,,,0.0,,,,,,
lbfgs,quadratic_n2_k1000,"[0, 0]","[-0.1605034331, 2.112726181]",-254.8131361280231,3.133619458635987e-10,13,40,44,0,True,converged,quadratic_grid,2.0,1000.0,"[-0.1605034331, 2.112726181]",0.0,,,,2.0,10.0,,,,,
scipy_newton_cg,quadratic_n2_k1000,"[0, 0]","[0, 0]",0.0,711.0882682628296,0,1,1,0,False,scipy_not_installed,quadratic_grid,2.0,1000.0,"[-0.1605034331, 2.112726181]",,,,,,,not_installed,,,,
quadratic_cg,quadratic_n10_k1,"[0, 0, 0, 0, 0, 0, 0, 0, 0, 0]","[1.581435642, 0.6169177407, 0.5841079069, -1.611341298, 0.09396765923, -0.8402810554, 0.2613497087, -0.4445995485, 1.579121487, -0.8058184562]",-4.97148583479113,1.5208054675778331e-15,1,1,2,0,True,converged,quadratic_grid,10.0,1.0,"[1.581435642, 0.6169177407, 0.5841079069, -1.611341298, 0.09396765923, -0.8402810554, 0.2613497087, -0.4445995485, 1.579121487, -0.8058184562]",,,,,,,,,,,
nonlinear_cg_fr,quadratic_n10_k1,"[0, 0, 0, 0, 0, 0, 0, 0, 0, 0]","[1.581435642, 0.6169177407, 0.5841079069, -1.611341298, 0.09396765923, -0.8402810554, 0.2613497087, -0.4445995485, 1.579121487, -0.8058184562]",-4.971485834791132,1.3009639638081844e-15,1,3,2,0,True,converged,quadratic_grid,10.0,1.0,"[1.581435642, 0.6169177407, 0.5841079069, -1.611341298, 0.09396765923, -0.8402810554, 0.2613497087, -0.4445995485, 1.579121487, -0.8058184562]",0.0,,,,,,,,,,
nonlinear_cg_pr,quadratic_n10_k1,"[0, 0, 0, 0, 0, 0, 0, 0, 0, 0]","[1.581435642, 0.6169177407, 0.5841079069, -1.611341298, 0.09396765923, -0.8402810554, 0.2613497087, -0.4445995485, 1.579121487, -0.8058184562]",-4.971485834791132,1.3009639638081844e-15,1,3,2,0,True,converged,quadratic_grid,10.0,1.0,"[1.581435642, 0.6169177407, 0.5841079069, -1.611341298, 0.09396765923, -0.8402810554, 0.2613497087, -0.4445995485, 1.579121487, -0.8058184562]",0.0,,,,,,,,,,
newton_cholesky,quadratic_n10_k1,"[0, 0, 0, 0, 0, 0, 0, 0, 0, 0]","[1.581435642, 0.6169177407, 0.5841079069, -1.611341298, 0.09396765923, -0.8402810554, 0.2613497087, -0.4445995485, 1.579121487, -0.8058184562]",-4.971485834791129,4.997930709674e-16,1,1,2,1,True,converged,quadratic_grid,10.0,1.0,"[1.581435642, 0.6169177407, 0.5841079069, -1.611341298, 0.09396765923, -0.8402810554, 0.2613497087, -0.4445995485, 1.579121487, -0.8058184562]",,,,,,,,,,,
newton_direction,quadratic_n10_k1,"[0, 0, 0, 0, 0, 0, 0, 0, 0, 0]","[1.581435642, 0.6169177407, 0.5841079069, -1.611341298, 0.09396765923, -0.8402810554, 0.2613497087, -0.4445995485, 1.579121487, -0.8058184562]",-4.97148583479113,2.9893669801409083e-16,1,3,3,1,True,converged,quadratic_grid,10.0,1.0,"[1.581435642, 0.6169177407, 0.5841079069, -1.611341298, 0.09396765923, -0.8402810554, 0.2613497087, -0.4445995485, 1.579121487, -0.8058184562]",,0.0,,,,,,,,,
dogleg,quadratic_n10_k1,"[0, 0, 0, 0, 0, 0, 0, 0, 0, 0]","[1.581435642, 0.6169177407, 0.5841079069, -1.611341298, 0.09396765923, -0.8402810554, 0.2613497087, -0.4445995485, 1.579121487, -0.8058184562]",-4.97148583479113,2.482534153247273e-16,3,7,4,3,True,converged,quadratic_grid,10.0,1.0,"[1.581435642, 0.6169177407, 0.5841079069, -1.611341298, 0.09396765923, -0.8402810554, 0.2613497087, -0.4445995485, 1.579121487, -0.8058184562]",,,3.0,4.0,,,,,,,
dfp,quadratic_n10_k1,"[0, 0, 0, 0, 0, 0, 0, 0, 0, 0]","[1.581435642, 0.6169177407, 0.5841079069, -1.611341298, 0.09396765923, -0.8402810554, 0.2613497087, -0.4445995485, 1.579121487, -0.8058184562]",-4.971485834791132,1.3009639638081844e-15,1,3,3,0,True,converged,quadratic_grid,10.0,1.0,"[1.581435642, 0.6169177407, 0.5841079069, -1.611341298, 0.09396765923, -0.8402810554, 0.2613497087, -0.4445995485, 1.579121487, -0.8058184562]",0.0,,,,0.0,,,,,,
bfgs,quadratic_n10_k1,"[0, 0, 0, 0, 0, 0, 0, 0, 0, 0]","[1.581435642, 0.6169177407, 0.5841079069, -1.611341298, 0.09396765923, -0.8402810554, 0.2613497087, -0.4445995485, 1.579121487, -0.8058184562]",-4.971485834791132,1.3009639638081844e-15,1,3,3,0,True,converged,quadratic_grid,10.0,1.0,"[1.581435642, 0.6169177407, 0.5841079069, -1.611341298, 0.09396765923, -0.8402810554, 0.2613497087, -0.4445995485, 1.579121487, -0.8058184562]",0.0,,,,0.0,,,,,,
lbfgs,quadratic_n10_k1,"[0, 0, 0, 0, 0, 0, 0, 0, 0, 0]","[1.581435642, 0.6169177407, 0.5841079069, -1.611341298, 0.09396765923, -0.8402810554, 0.2613497087, -0.4445995485, 1.579121487, -0.8058184562]",-4.971485834791132,1.3009639638081844e-15,1,3,4,0,True,converged,quadratic_grid,10.0,1.0,"[1.581435642, 0.6169177407, 0.5841079069, -1.611341298, 0.09396765923, -0.8402810554, 0.2613497087, -0.4445995485, 1.579121487, -0.8058184562]",0.0,,,,0.0,10.0,,,,,
scipy_newton_cg,quadratic_n10_k1,"[0, 0, 0, 0, 0, 0, 0, 0, 0, 0]","[0, 0, 0, 0, 0, 0, 0, 0, 0, 0]",0.0,3.1532477970470794,0,1,1,0,False,scipy_not_installed,quadratic_grid,10.0,1.0,"[1.581435642, 0.6169177407, 0.5841079069, -1.611341298, 0.09396765923, -0.8402810554, 0.2613497087, -0.4445995485, 1.579121487, -0.8058184562]",,,,,,,not_installed,,,,
quadratic_cg,quadratic_n10_k10,"[0, 0, 0, 0, 0, 0, 0, 0, 0, 0]","[-1.225372391, 0.201928989, 2.49678939, 0.3170787454, 0.4405964452, -1.124894105, -0.8482703799, -0.06284983856, -0.6892756509, 2.068645723]",-18.288929058563905,1.327145669316449e-13,10,1,11,0,True,converged,quadratic_grid,10.0,10.0,"[-1.225372391, 0.201928989, 2.49678939, 0.3170787454, 0.4405964452, -1.124894105, -0.8482703799, -0.06284983856, -0.6892756509, 2.068645723]",,,,,,,,,,,
nonlinear_cg_fr,quadratic_n10_k10,"[0, 0, 0, 0, 0, 0, 0, 0, 0, 0]","[-1.225372391, 0.2019289892, 2.496789387, 0.3170787461, 0.4405964453, -1.124894105, -0.8482703786, -0.06284983749, -0.6892756503, 2.068645723]",-18.288929058563916,6.16841045666122e-09,99,506,100,0,True,converged,quadratic_grid,10.0,10.0,"[-1.225372391, 0.201928989, 2.49678939, 0.3170787454, 0.4405964452, -1.124894105, -0.8482703799, -0.06284983856, -0.6892756509, 2.068645723]",3.0,,,,,,,,,,
nonlinear_cg_pr,quadratic_n10_k10,"[0, 0, 0, 0, 0, 0, 0, 0, 0, 0]","[-1.225372391, 0.2019289895, 2.49678939, 0.3170787455, 0.4405964451, -1.124894104, -0.8482703798, -0.06284983853, -0.6892756515, 2.068645723]",-18.288929058563916,8.542637197075557e-09,61,290,62,0,True,converged,quadratic_grid,10.0,10.0,"[-1.225372391, 0.201928989, 2.49678939, 0.3170787454, 0.4405964452, -1.124894105, -0.8482703799, -0.06284983856, -0.6892756509, 2.068645723]",25.0,,,,,,,,,,
newton_cholesky,quadratic_n10_k10,"[0, 0, 0, 0, 0, 0, 0, 0, 0, 0]","[-1.225372391, 0.201928989, 2.49678939, 0.3170787454, 0.4405964452, -1.124894105, -0.8482703799, -0.06284983856, -0.6892756509, 2.068645723]",-18.2889290585639,1.793620188084545e-15,1,1,2,1,True,converged,quadratic_grid,10.0,10.0,"[-1.225372391, 0.201928989, 2.49678939, 0.3170787454, 0.4405964452, -1.124894105, -0.8482703799, -0.06284983856, -0.6892756509, 2.068645723]",,,,,,,,,,,
newton_direction,quadratic_n10_k10,"[0, 0, 0, 0, 0, 0, 0, 0, 0, 0]","[-1.225372391, 0.201928989, 2.49678939, 0.3170787454, 0.4405964452, -1.124894105, -0.8482703799, -0.06284983856, -0.6892756509, 2.068645723]",-18.288929058563905,2.318213734067276e-15,1,3,3,1,True,converged,quadratic_grid,10.0,10.0,"[-1.225372391, 0.201928989, 2.49678939, 0.3170787454, 0.4405964452, -1.124894105, -0.8482703799, -0.06284983856, -0.6892756509, 2.068645723]",,0.0,,,,,,,,,
dogleg,quadratic_n10_k10,"[0, 0, 0, 0, 0, 0, 0, 0, 0, 0]","[-1.225372391, 0.201928989, 2.49678939, 0.3170787454, 0.4405964452, -1.124894105, -0.8482703799, -0.06284983856, -0.6892756509, 2.068645723]",-18.288929058563905,4.577566798522237e-16,3,7,4,3,True,converged,quadratic_grid,10.0,10.0,"[-1.225372391, 0.201928989, 2.49678939, 0.3170787454, 0.4405964452, -1.124894105, -0.8482703799, -0.06284983856, -0.6892756509, 2.068645723]",,,3.0,4.0,,,,,,,
dfp,quadratic_n10_k10,"[0, 0, 0, 0, 0, 0, 0, 0, 0, 0]","[-1.22537239, 0.2019289886, 2.49678939, 0.3170787442, 0.4405964449, -1.124894105, -0.8482703801, -0.06284983833, -0.689275651, 2.068645723]",-18.28892905856391,5.6911338946142196e-09,20,53,41,0,True,converged,quadratic_grid,10.0,10.0,"[-1.225372391, 0.201928989, 2.49678939, 0.3170787454, 0.4405964452, -1.124894105, -0.8482703799, -0.06284983856, -0.6892756509, 2.068645723]",0.0,,,,4.0,,,,,,
bfgs,quadratic_n10_k10,"[0, 0, 0, 0, 0, 0, 0, 0, 0, 0]","[-1.225372391, 0.2019289894, 2.496789389, 0.3170787465, 0.440596446, -1.124894105, -0.8482703784, -0.06284983729, -0.6892756509, 2.068645723]",-18.28892905856391,6.648379401783897e-09,19,48,39,0,True,converged,quadratic_grid,10.0,10.0,"[-1.225372391, 0.201928989, 2.49678939, 0.3170787454, 0.4405964452, -1.124894105, -0.8482703799, -0.06284983856, -0.6892756509, 2.068645723]",0.0,,,,2.0,,,,,,
lbfgs,quadratic_n10_k10,"[0, 0, 0, 0, 0, 0, 0, 0, 0, 0]","[-1.225372391, 0.2019289885, 2.49678939, 0.3170787453, 0.4405964448, -1.124894105, -0.8482703799, -0.0628498381, -0.6892756504, 2.068645723]",-18.28892905856391,7.616069025002752e-09,32,534,93,0,True,converged,quadratic_grid,10.0,10.0,"[-1.225372391, 0.201928989, 2.49678939, 0.3170787454, 0.4405964452, -1.124894105, -0.8482703799, -0.06284983856, -0.6892756509, 2.068645723]",0.0,,,,14.0,10.0,,,,,
scipy_newton_cg,quadratic_n10_k10,"[0, 0, 0, 0, 0, 0, 0, 0, 0, 0]","[0, 0, 0, 0, 0, 0, 0, 0, 0, 0]",0.0,11.073196716001508,0,1,1,0,False,scipy_not_installed,quadratic_grid,10.0,10.0,"[-1.225372391, 0.201928989, 2.49678939, 0.3170787454, 0.4405964452, -1.124894105, -0.8482703799, -0.06284983856, -0.6892756509, 2.068645723]",,,,,,,not_installed,,,,
quadratic_cg,quadratic_n10_k100,"[0, 0, 0, 0, 0, 0, 0, 0, 0, 0]","[0.6562889573, 1.002554164, -0.6636125804, 0.3418611349, -1.776981869, 1.277792315, 0.7660701641, 0.8920817679, 0.5550022938, -0.4806496512]",-107.2685537561805,8.378528925314823e-11,12,1,13,0,True,converged,quadratic_grid,10.0,100.0,"[0.6562889573, 1.002554164, -0.6636125804, 0.3418611349, -1.776981869, 1.277792315, 0.7660701641, 0.8920817679, 0.5550022938, -0.4806496512]",,,,,,,,,,,
nonlinear_cg_fr,quadratic_n10_k100,"[0, 0, 0, 0, 0, 0, 0, 0, 0, 0]","[0.6562889772, 1.002554175, -0.6636125546, 0.3418611431, -1.776981822, 1.277792294, 0.7660701913, 0.8920817647, 0.5550023135, -0.480649652]",-107.26855375618058,4.7026758060487443e-07,3000,123844,3001,0,False,max_iter_reached,quadratic_grid,10.0,100.0,"[0.6562889573, 1.002554164, -0.6636125804, 0.3418611349, -1.776981869, 1.277792315, 0.7660701641, 0.8920817679, 0.5550022938, -0.4806496512]",1.0,,,,,,,,,,
nonlinear_cg_pr,quadratic_n10_k100,"[0, 0, 0, 0, 0, 0, 0, 0, 0, 0]","[0.6562888858, 1.00255403, -0.6636127, 0.3418612327, -1.776981972, 1.277792276, 0.7660701701, 0.8920819766, 0.5550020255, -0.4806495268]",-107.26855375618044,1.2149553263935941e-06,3000,104713,3001,0,False,max_iter_reached,quadratic_grid,10.0,100.0,"[0.6562889573, 1.002554164, -0.6636125804, 0.3418611349, -1.776981869, 1.277792315, 0.7660701641, 0.8920817679, 0.5550022938, -0.4806496512]",18.0,,,,,,,,,,
newton_cholesky,quadratic_n10_k100,"[0, 0, 0, 0, 0, 0, 0, 0, 0, 0]","[0.6562889573, 1.002554164, -0.6636125804, 0.3418611349, -1.776981869, 1.277792315, 0.7660701641, 0.8920817679, 0.5550022938, -0.4806496512]",-107.26855375618048,2.1390168887322673e-14,1,1,2,1,True,converged,quadratic_grid,10.0,100.0,"[0.6562889573, 1.002554164, -0.6636125804, 0.3418611349, -1.776981869, 1.277792315, 0.7660701641, 0.8920817679, 0.5550022938, -0.4806496512]",,,,,,,,,,,
newton_direction,quadratic_n10_k100,"[0, 0, 0, 0, 0, 0, 0, 0, 0, 0]","[0.6562889573, 1.002554164, -0.6636125804, 0.3418611349, -1.776981869, 1.277792315, 0.7660701641, 0.8920817679, 0.5550022938, -0.4806496512]",-107.26855375618047,2.8618784650046125e-14,1,3,3,1,True,converged,quadratic_grid,10.0,100.0,"[0.6562889573, 1.002554164, -0.6636125804, 0.3418611349, -1.776981869, 1.277792315, 0.7660701641, 0.8920817679, 0.5550022938, -0.4806496512]",,0.0,,,,,,,,,
dogleg,quadratic_n10_k100,"[0, 0, 0, 0, 0, 0, 0, 0, 0, 0]","[0.6562889573, 1.002554164, -0.6636125804, 0.3418611349, -1.776981869, 1.277792315, 0.7660701641, 0.8920817679, 0.5550022938, -0.4806496512]",-107.26855375618048,1.637720085286689e-14,3,7,4,3,True,converged,quadratic_grid,10.0,100.0,"[0.6562889573, 1.002554164, -0.6636125804, 0.3418611349, -1.776981869, 1.277792315, 0.7660701641, 0.8920817679, 0.5550022938, -0.4806496512]",,,3.0,4.0,,,,,,,
dfp,quadratic_n10_k100,"[0, 0, 0, 0, 0, 0, 0, 0, 0, 0]","[0.6562889564, 1.002554164, -0.6636125821, 0.3418611333, -1.776981873, 1.27779232, 0.7660701616, 0.8920817668, 0.5550022948, -0.4806496506]",-107.26855375618052,5.110359650794155e-08,3000,83586,6001,0,False,max_iter_reached,quadratic_grid,10.0,100.0,"[0.6562889573, 1.002554164, -0.6636125804, 0.3418611349, -1.776981869, 1.277792315, 0.7660701641, 0.8920817679, 0.5550022938, -0.4806496512]",0.0,,,,2985.0,,,,,,
bfgs,quadratic_n10_k100,"[0, 0, 0, 0, 0, 0, 0, 0, 0, 0]","[0.6562889573, 1.002554164, -0.6636125804, 0.341861135, -1.776981869, 1.277792316, 0.766070164, 0.8920817679, 0.5550022938, -0.4806496512]",-107.26855375618048,8.077590130798297e-10,19,65,39,0,True,converged,quadratic_grid,10.0,100.0,"[0.6562889573, 1.002554164, -0.6636125804, 0.3418611349, -1.776981869, 1.277792315, 0.7660701641, 0.8920817679, 0.5550022938, -0.4806496512]",0.0,,,,2.0,,,,,,
lbfgs,quadratic_n10_k100,"[0, 0, 0, 0, 0, 0, 0, 0, 0, 0]","[0.6562889703, 1.002554168, -0.6636125652, 0.3418611359, -1.776981865, 1.277792319, 0.7660701702, 0.8920817873, 0.5550022964, -0.480649649]",-107.26855375618052,2.7311279497497575e-07,3000,236514,6050,0,False,max_iter_reached,quadratic_grid,10.0,100.0,"[0.6562889573, 1.002554164, -0.6636125804, 0.3418611349, -1.776981869, 1.277792315, 0.7660701641, 0.8920817679, 0.5550022938, -0.4806496512]",0.0,,,,2960.0,10.0,,,,,
scipy_newton_cg,quadratic_n10_k100,"[0, 0, 0, 0, 0, 0, 0, 0, 0, 0]","[0, 0, 0, 0, 0, 0, 0, 0, 0, 0]",0.0,119.27039986706791,0,1,1,0,False,scipy_not_installed,quadratic_grid,10.0,100.0,"[0.6562889573, 1.002554164, -0.6636125804, 0.3418611349, -1.776981869, 1.277792315, 0.7660701641, 0.8920817679, 0.5550022938, -0.4806496512]",,,,,,,not_installed,,,,
quadratic_cg,quadratic_n10_k1000,"[0, 0, 0, 0, 0, 0, 0, 0, 0, 0]","[-0.5876699879, 0.104984204, -0.5257251485, 1.702642783, 1.39629717, 0.3944613878, -0.071436852, -0.1236263632, 0.08798395237, -0.06227438208]",-947.7250090308563,4.337365204633348e-10,14,1,15,0,True,converged,quadratic_grid,10.0,1000.0,"[-0.5876699879, 0.104984204, -0.5257251485, 1.702642783, 1.39629717, 0.3944613878, -0.07143685201, -0.1236263632, 0.08798395236, -0.06227438208]",,,,,,,,,,,
nonlinear_cg_fr,quadratic_n10_k1000,"[0, 0, 0, 0, 0, 0, 0, 0, 0, 0]","[-0.5876695208, 0.1049843555, -0.5257250661, 1.702642313, 1.396297478, 0.3944608497, -0.0714361586, -0.1236264999, 0.08798373042, -0.06227419582]",-947.7250090308562,7.389162011783095e-06,3000,133205,3001,0,False,max_iter_reached,quadratic_grid,10.0,1000.0,"[-0.5876699879, 0.104984204, -0.5257251485, 1.702642783, 1.39629717, 0.3944613878, -0.07143685201, -0.1236263632, 0.08798395236, -0.06227438208]",3.0,,,,,,,,,,
nonlinear_cg_pr,quadratic_n10_k1000,"[0, 0, 0, 0, 0, 0, 0, 0, 0, 0]","[-0.587668967, 0.1049844763, -0.5257254745, 1.702642438, 1.39629741, 0.3944612224, -0.07143612016, -0.1236265094, 0.0879842778, -0.06227400133]",-947.7250090308511,2.3469127380989276e-05,3000,100813,3001,0,False,max_iter_reached,quadratic_grid,10.0,1000.0,"[-0.5876699879, 0.104984204, -0.5257251485, 1.702642783, 1.39629717, 0.3944613878, -0.07143685201, -0.1236263632, 0.08798395236, -0.06227438208]",754.0,,,,,,,,,,
newton_cholesky,quadratic_n10_k1000,"[0, 0, 0, 0, 0, 0, 0, 0, 0, 0]","[-0.5876699879, 0.104984204, -0.5257251485, 1.702642783, 1.39629717, 0.3944613878, -0.07143685201, -0.1236263632, 0.08798395236, -0.06227438208]",-947.7250090308561,1.5989431846475275e-13,1,1,2,1,True,converged,quadratic_grid,10.0,1000.0,"[-0.5876699879, 0.104984204, -0.5257251485, 1.702642783, 1.39629717, 0.3944613878, -0.07143685201, -0.1236263632, 0.08798395236, -0.06227438208]",,,,,,,,,,,
newton_direction,quadratic_n10_k1000,"[0, 0, 0, 0, 0, 0, 0, 0, 0, 0]","[-0.5876699879, 0.104984204, -0.5257251485, 1.702642783, 1.39629717, 0.3944613878, -0.07143685201, -0.1236263632, 0.08798395236, -0.06227438208]",-947.7250090308563,2.446105288005987e-13,1,3,3,1,True,converged,quadratic_grid,10.0,1000.0,"[-0.5876699879, 0.104984204, -0.5257251485, 1.702642783, 1.39629717, 0.3944613878, -0.07143685201, -0.1236263632, 0.08798395236, -0.06227438208]",,0.0,,,,,,,,,
dogleg,quadratic_n10_k1000,"[0, 0, 0, 0, 0, 0, 0, 0, 0, 0]","[-0.5876699879, 0.104984204, -0.5257251485, 1.702642783, 1.39629717, 0.3944613878, -0.07143685201, -0.1236263632, 0.08798395236, -0.06227438208]",-947.7250090308561,1.3903609776759738e-13,2,5,3,2,True,converged,quadratic_grid,10.0,1000.0,"[-0.5876699879, 0.104984204, -0.5257251485, 1.702642783, 1.39629717, 0.3944613878, -0.07143685201, -0.1236263632, 0.08798395236, -0.06227438208]",,,2.0,2.0,,,,,,,
dfp,quadratic_n10_k1000,"[0, 0, 0, 0, 0, 0, 0, 0, 0, 0]","[-0.5876699879, 0.104984204, -0.5257251485, 1.702642783, 1.39629717, 0.3944613878, -0.071436852, -0.1236263632, 0.08798395237, -0.06227438208]",-947.7250090308563,3.179021434179175e-10,17,69,35,0,True,converged,quadratic_grid,10.0,1000.0,"[-0.5876699879, 0.104984204, -0.5257251485, 1.702642783, 1.39629717, 0.3944613878, -0.07143685201, -0.1236263632, 0.08798395236, -0.06227438208]",0.0,,,,1.0,,,,,,
bfgs,quadratic_n10_k1000,"[0, 0, 0, 0, 0, 0, 0, 0, 0, 0]","[-0.587669988, 0.1049842041, -0.525725149, 1.702642783, 1.39629717, 0.3944613883, -0.07143685168, -0.1236263636, 0.08798395258, -0.06227438206]",-947.7250090308568,7.05878093152415e-08,3000,83630,6001,0,False,max_iter_reached,quadratic_grid,10.0,1000.0,"[-0.5876699879, 0.104984204, -0.5257251485, 1.702642783, 1.39629717, 0.3944613878, -0.07143685201, -0.1236263632, 0.08798395236, -0.06227438208]",0.0,,,,2985.0,,,,,,
lbfgs,quadratic_n10_k1000,"[0, 0, 0, 0, 0, 0, 0, 0, 0, 0]","[-0.5876706412, 0.1049838372, -0.5257255379, 1.702643246, 1.396296657, 0.3944620023, -0.07143787937, -0.123626261, 0.08798422941, -0.06227463006]",-947.7250090308552,4.681680094110799e-06,3000,240945,6165,0,False,max_iter_reached,quadratic_grid,10.0,1000.0,"[-0.5876699879, 0.104984204, -0.5257251485, 1.702642783, 1.39629717, 0.3944613878, -0.07143685201, -0.1236263632, 0.08798395236, -0.06227438208]",0.0,,,,2920.0,10.0,,,,,
scipy_newton_cg,quadratic_n10_k1000,"[0, 0, 0, 0, 0, 0, 0, 0, 0, 0]","[0, 0, 0, 0, 0, 0, 0, 0, 0, 0]",0.0,1252.0850608061685,0,1,1,0,False,scipy_not_installed,quadratic_grid,10.0,1000.0,"[-0.5876699879, 0.104984204, -0.5257251485, 1.702642783, 1.39629717, 0.3944613878, -0.07143685201, -0.1236263632, 0.08798395236, -0.06227438208]",,,,,,,not_installed,,,,
quadratic_cg,quadratic_n50_k1,"[0, 0, 0, 0, 0, 0, 0, 0, 0, 0, 0, 0, 0, 0, 0, 0, 0, 0, 0, 0, 0, 0, 0, 0, 0, 0, 0, 0, 0, 0, 0, 0, 0, 0, 0, 0, 0, 0, 0, 0, 0, 0, 0, 0, 0, 0, 0, 0, 0, 0]","[-0.5664074926, -0.802138531, -0.6697443418, 1.721201893, -0.6293215622, -0.4861780844, -0.2323260414, 0.1539533234, -0.4299592529, 0.6165694879, -0.3463497731, -1.092826926, 0.6108422352, 0.9695517517, 0.0655164475, 0.1289446393, -0.3161439955, -1.228458948, 0.7875553262, 0.6032312934, 0.1478170128, -2.041463332, -0.542590565, 0.5672445612, -0.1858590695, -0.4286440397, 2.110658157, 0.8862388924, 1.950323716, -2.190511617, 1.211773768, -1.497080976, -0.2516313156, 0.230962481, -0.8439940374, -0.2914239734, 0.5185040171, 0.489483536, -0.03161533482, 1.010833864, 0.364737741, 0.3349128224, 0.4297732634, 2.386772152, -0.4217711314, -1.074582029, -1.777251991, -0.6641240518, 1.764655556, -1.55014766]",-26.244433265427727,5.828076086599337e-15,1,1,2,0,True,converged,quadratic_grid,50.0,1.0,"[-0.5664074926, -0.802138531, -0.6697443418, 1.721201893, -0.6293215622, -0.4861780844, -0.2323260414, 0.1539533234, -0.4299592529, 0.6165694879, -0.3463497731, -1.092826926, 0.6108422352, 0.9695517517, 0.0655164475, 0.1289446393, -0.3161439955, -1.228458948, 0.7875553262, 0.6032312934, 0.1478170128, -2.041463332, -0.542590565, 0.5672445612, -0.1858590695, -0.4286440397, 2.110658157, 0.8862388924, 1.950323716, -2.190511617, 1.211773768, -1.497080976, -0.2516313156, 0.230962481, -0.8439940374, -0.2914239734, 0.5185040171, 0.489483536, -0.03161533482, 1.010833864, 0.364737741, 0.3349128224, 0.4297732634, 2.386772152, -0.4217711314, -1.074582029, -1.777251991, -0.6641240518, 1.764655556, -1.55014766]",,,,,,,,,,,
nonlinear_cg_fr,quadratic_n50_k1,"[0, 0, 0, 0, 0, 0, 0, 0, 0, 0, 0, 0, 0, 0, 0, 0, 0, 0, 0, 0, 0, 0, 0, 0, 0, 0, 0, 0, 0, 0, 0, 0, 0, 0, 0, 0, 0, 0, 0, 0, 0, 0, 0, 0, 0, 0, 0, 0, 0, 0]","[-0.5664074926, -0.802138531, -0.6697443418, 1.721201893, -0.6293215622, -0.4861780844, -0.2323260414, 0.1539533234, -0.4299592529, 0.6165694879, -0.3463497731, -1.092826926, 0.6108422352, 0.9695517517, 0.0655164475, 0.1289446393, -0.3161439955, -1.228458948, 0.7875553262, 0.6032312934, 0.1478170128, -2.041463332, -0.542590565, 0.5672445612, -0.1858590695, -0.4286440397, 2.110658157, 0.8862388924, 1.950323716, -2.190511617, 1.211773768, -1.497080976, -0.2516313156, 0.230962481, -0.8439940374, -0.2914239734, 0.5185040171, 0.489483536, -0.03161533482, 1.010833864, 0.364737741, 0.3349128224, 0.4297732634, 2.386772152, -0.4217711314, -1.074582029, -1.777251991, -0.6641240518, 1.764655556, -1.55014766]",-26.244433265427727,5.654500342204721e-15,1,3,2,0,True,converged,quadratic_grid,50.0,1.0,"[-0.5664074926, -0.802138531, -0.6697443418, 1.721201893, -0.6293215622, -0.4861780844, -0.2323260414, 0.1539533234, -0.4299592529, 0.6165694879, -0.3463497731, -1.092826926, 0.6108422352, 0.9695517517, 0.0655164475, 0.1289446393, -0.3161439955, -1.228458948, 0.7875553262, 0.6032312934, 0.1478170128, -2.041463332, -0.542590565, 0.5672445612, -0.1858590695, -0.4286440397, 2.110658157, 0.8862388924, 1.950323716, -2.190511617, 1.211773768, -1.497080976, -0.2516313156, 0.230962481, -0.8439940374, -0.2914239734, 0.5185040171, 0.489483536, -0.03161533482, 1.010833864, 0.364737741, 0.3349128224, 0.4297732634, 2.386772152, -0.4217711314, -1.074582029, -1.777251991, -0.6641240518, 1.764655556, -1.55014766]",0.0,,,,,,,,,,
nonlinear_cg_pr,quadratic_n50_k1,"[0, 0, 0, 0, 0, 0, 0, 0, 0, 0, 0, 0, 0, 0, 0, 0, 0, 0, 0, 0, 0, 0, 0, 0, 0, 0, 0, 0, 0, 0, 0, 0, 0, 0, 0, 0, 0, 0, 0, 0, 0, 0, 0, 0, 0, 0, 0, 0, 0, 0]","[-0.5664074926, -0.802138531, -0.6697443418, 1.721201893, -0.6293215622, -0.4861780844, -0.2323260414, 0.1539533234, -0.4299592529, 0.6165694879, -0.3463497731, -1.092826926, 0.6108422352, 0.9695517517, 0.0655164475, 0.1289446393, -0.3161439955, -1.228458948, 0.7875553262, 0.6032312934, 0.1478170128, -2.041463332, -0.542590565, 0.5672445612, -0.1858590695, -0.4286440397, 2.110658157, 0.8862388924, 1.950323716, -2.190511617, 1.211773768, -1.497080976, -0.2516313156, 0.230962481, -0.8439940374, -0.2914239734, 0.5185040171, 0.489483536, -0.03161533482, 1.010833864, 0.364737741, 0.3349128224, 0.4297732634, 2.386772152, -0.4217711314, -1.074582029, -1.777251991, -0.6641240518, 1.764655556, -1.55014766]",-26.244433265427727,5.654500342204721e-15,1,3,2,0,True,converged,quadratic_grid,50.0,1.0,"[-0.5664074926, -0.802138531, -0.6697443418, 1.721201893, -0.6293215622, -0.4861780844, -0.2323260414, 0.1539533234, -0.4299592529, 0.6165694879, -0.3463497731, -1.092826926, 0.6108422352, 0.9695517517, 0.0655164475, 0.1289446393, -0.3161439955, -1.228458948, 0.7875553262, 0.6032312934, 0.1478170128, -2.041463332, -0.542590565, 0.5672445612, -0.1858590695, -0.4286440397, 2.110658157, 0.8862388924, 1.950323716, -2.190511617, 1.211773768, -1.497080976, -0.2516313156, 0.230962481, -0.8439940374, -0.2914239734, 0.5185040171, 0.489483536, -0.03161533482, 1.010833864, 0.364737741, 0.3349128224, 0.4297732634, 2.386772152, -0.4217711314, -1.074582029, -1.777251991, -0.6641240518, 1.764655556, -1.55014766]",0.0,,,,,,,,,,
newton_cholesky,quadratic_n50_k1,"[0, 0, 0, 0, 0, 0, 0, 0, 0, 0, 0, 0, 0, 0, 0, 0, 0, 0, 0, 0, 0, 0, 0, 0, 0, 0, 0, 0, 0, 0, 0, 0, 0, 0, 0, 0, 0, 0, 0, 0, 0, 0, 0, 0, 0, 0, 0, 0, 0, 0]","[-0.5664074926, -0.802138531, -0.6697443418, 1.721201893, -0.6293215622, -0.4861780844, -0.2323260414, 0.1539533234, -0.4299592529, 0.6165694879, -0.3463497731, -1.092826926, 0.6108422352, 0.9695517517, 0.0655164475, 0.1289446393, -0.3161439955, -1.228458948, 0.7875553262, 0.6032312934, 0.1478170128, -2.041463332, -0.542590565, 0.5672445612, -0.1858590695, -0.4286440397, 2.110658157, 0.8862388924, 1.950323716, -2.190511617, 1.211773768, -1.497080976, -0.2516313156, 0.230962481, -0.8439940374, -0.2914239734, 0.5185040171, 0.489483536, -0.03161533482, 1.010833864, 0.364737741, 0.3349128224, 0.4297732634, 2.386772152, -0.4217711314, -1.074582029, -1.777251991, -0.6641240518, 1.764655556, -1.55014766]",-26.244433265427734,2.5711387621264606e-15,1,1,2,1,True,converged,quadratic_grid,50.0,1.0,"[-0.5664074926, -0.802138531, -0.6697443418, 1.721201893, -0.6293215622, -0.4861780844, -0.2323260414, 0.1539533234, -0.4299592529, 0.6165694879, -0.3463497731, -1.092826926, 0.6108422352, 0.9695517517, 0.0655164475, 0.1289446393, -0.3161439955, -1.228458948, 0.7875553262, 0.6032312934, 0.1478170128, -2.041463332, -0.542590565, 0.5672445612, -0.1858590695, -0.4286440397, 2.110658157, 0.8862388924, 1.950323716, -2.190511617, 1.211773768, -1.497080976, -0.2516313156, 0.230962481, -0.8439940374, -0.2914239734, 0.5185040171, 0.489483536, -0.03161533482, 1.010833864, 0.364737741, 0.3349128224, 0.4297732634, 2.386772152, -0.4217711314, -1.074582029, -1.777251991, -0.6641240518, 1.764655556, -1.55014766]",,,,,,,,,,,
newton_direction,quadratic_n50_k1,"[0, 0, 0, 0, 0, 0, 0, 0, 0, 0, 0, 0, 0, 0, 0, 0, 0, 0, 0, 0, 0, 0, 0, 0, 0, 0, 0, 0, 0, 0, 0, 0, 0, 0, 0, 0, 0, 0, 0, 0, 0, 0, 0, 0, 0, 0, 0, 0, 0, 0]","[-0.5664074926, -0.802138531, -0.6697443418, 1.721201893, -0.6293215622, -0.4861780844, -0.2323260414, 0.1539533234, -0.4299592529, 0.6165694879, -0.3463497731, -1.092826926, 0.6108422352, 0.9695517517, 0.0655164475, 0.1289446393, -0.3161439955, -1.228458948, 0.7875553262, 0.6032312934, 0.1478170128, -2.041463332, -0.542590565, 0.5672445612, -0.1858590695, -0.4286440397, 2.110658157, 0.8862388924, 1.950323716, -2.190511617, 1.211773768, -1.497080976, -0.2516313156, 0.230962481, -0.8439940374, -0.2914239734, 0.5185040171, 0.489483536, -0.03161533482, 1.010833864, 0.364737741, 0.3349128224, 0.4297732634, 2.386772152, -0.4217711314, -1.074582029, -1.777251991, -0.6641240518, 1.764655556, -1.55014766]",-26.244433265427727,2.255951689707003e-15,1,3,3,1,True,converged,quadratic_grid,50.0,1.0,"[-0.5664074926, -0.802138531, -0.6697443418, 1.721201893, -0.6293215622, -0.4861780844, -0.2323260414, 0.1539533234, -0.4299592529, 0.6165694879, -0.3463497731, -1.092826926, 0.6108422352, 0.9695517517, 0.0655164475, 0.1289446393, -0.3161439955, -1.228458948, 0.7875553262, 0.6032312934, 0.1478170128, -2.041463332, -0.542590565, 0.5672445612, -0.1858590695, -0.4286440397, 2.110658157, 0.8862388924, 1.950323716, -2.190511617, 1.211773768, -1.497080976, -0.2516313156, 0.230962481, -0.8439940374, -0.2914239734, 0.5185040171, 0.489483536, -0.03161533482, 1.010833864, 0.364737741, 0.3349128224, 0.4297732634, 2.386772152, -0.4217711314, -1.074582029, -1.777251991, -0.6641240518, 1.764655556, -1.55014766]",,0.0,,,,,,,,,
dogleg,quadratic_n50_k1,"[0, 0, 0, 0, 0, 0, 0, 0, 0, 0, 0, 0, 0, 0, 0, 0, 0, 0, 0, 0, 0, 0, 0, 0, 0, 0, 0, 0, 0, 0, 0, 0, 0, 0, 0, 0, 0, 0, 0, 0, 0, 0, 0, 0, 0, 0, 0, 0, 0, 0]","[-0.5664074926, -0.802138531, -0.6697443418, 1.721201893, -0.6293215622, -0.4861780844, -0.2323260414, 0.1539533234, -0.4299592529, 0.6165694879, -0.3463497731, -1.092826926, 0.6108422352, 0.9695517517, 0.0655164475, 0.1289446393, -0.3161439955, -1.228458948, 0.7875553262, 0.6032312934, 0.1478170128, -2.041463332, -0.542590565, 0.5672445612, -0.1858590695, -0.4286440397, 2.110658157, 0.8862388924, 1.950323716, -2.190511617, 1.211773768, -1.497080976, -0.2516313156, 0.230962481, -0.8439940374, -0.2914239734, 0.5185040171, 0.489483536, -0.03161533482, 1.010833864, 0.364737741, 0.3349128224, 0.4297732634, 2.386772152, -0.4217711314, -1.074582029, -1.777251991, -0.6641240518, 1.764655556, -1.55014766]",-26.24443326542773,8.577606816615773e-16,4,9,5,4,True,converged,quadratic_grid,50.0,1.0,"[-0.5664074926, -0.802138531, -0.6697443418, 1.721201893, -0.6293215622, -0.4861780844, -0.2323260414, 0.1539533234, -0.4299592529, 0.6165694879, -0.3463497731, -1.092826926, 0.6108422352, 0.9695517517, 0.0655164475, 0.1289446393, -0.3161439955, -1.228458948, 0.7875553262, 0.6032312934, 0.1478170128, -2.041463332, -0.542590565, 0.5672445612, -0.1858590695, -0.4286440397, 2.110658157, 0.8862388924, 1.950323716, -2.190511617, 1.211773768, -1.497080976, -0.2516313156, 0.230962481, -0.8439940374, -0.2914239734, 0.5185040171, 0.489483536, -0.03161533482, 1.010833864, 0.364737741, 0.3349128224, 0.4297732634, 2.386772152, -0.4217711314, -1.074582029, -1.777251991, -0.6641240518, 1.764655556, -1.55014766]",,,4.0,8.0,,,,,,,
dfp,quadratic_n50_k1,"[0, 0, 0, 0, 0, 0, 0, 0, 0, 0, 0, 0, 0, 0, 0, 0, 0, 0, 0, 0, 0, 0, 0, 0, 0, 0, 0, 0, 0, 0, 0, 0, 0, 0, 0, 0, 0, 0, 0, 0, 0, 0, 0, 0, 0, 0, 0, 0, 0, 0]","[-0.5664074926, -0.802138531, -0.6697443418, 1.721201893, -0.6293215622, -0.4861780844, -0.2323260414, 0.1539533234, -0.4299592529, 0.6165694879, -0.3463497731, -1.092826926, 0.6108422352, 0.9695517517, 0.0655164475, 0.1289446393, -0.3161439955, -1.228458948, 0.7875553262, 0.6032312934, 0.1478170128, -2.041463332, -0.542590565, 0.5672445612, -0.1858590695, -0.4286440397, 2.110658157, 0.8862388924, 1.950323716, -2.190511617, 1.211773768, -1.497080976, -0.2516313156, 0.230962481, -0.8439940374, -0.2914239734, 0.5185040171, 0.489483536, -0.03161533482, 1.010833864, 0.364737741, 0.3349128224, 0.4297732634, 2.386772152, -0.4217711314, -1.074582029, -1.777251991, -0.6641240518, 1.764655556, -1.55014766]",-26.244433265427727,5.654500342204721e-15,1,3,3,0,True,converged,quadratic_grid,50.0,1.0,"[-0.5664074926, -0.802138531, -0.6697443418, 1.721201893, -0.6293215622, -0.4861780844, -0.2323260414, 0.1539533234, -0.4299592529, 0.6165694879, -0.3463497731, -1.092826926, 0.6108422352, 0.9695517517, 0.0655164475, 0.1289446393, -0.3161439955, -1.228458948, 0.7875553262, 0.6032312934, 0.1478170128, -2.041463332, -0.542590565, 0.5672445612, -0.1858590695, -0.4286440397, 2.110658157, 0.8862388924, 1.950323716, -2.190511617, 1.211773768, -1.497080976, -0.2516313156, 0.230962481, -0.8439940374, -0.2914239734, 0.5185040171, 0.489483536, -0.03161533482, 1.010833864, 0.364737741, 0.3349128224, 0.4297732634, 2.386772152, -0.4217711314, -1.074582029, -1.777251991, -0.6641240518, 1.764655556, -1.55014766]",0.0,,,,0.0,,,,,,
bfgs,quadratic_n50_k1,"[0, 0, 0, 0, 0, 0, 0, 0, 0, 0, 0, 0, 0, 0, 0, 0, 0, 0, 0, 0, 0, 0, 0, 0, 0, 0, 0, 0, 0, 0, 0, 0, 0, 0, 0, 0, 0, 0, 0, 0, 0, 0, 0, 0, 0, 0, 0, 0, 0, 0]","[-0.5664074926, -0.802138531, -0.6697443418, 1.721201893, -0.6293215622, -0.4861780844, -0.2323260414, 0.1539533234, -0.4299592529, 0.6165694879, -0.3463497731, -1.092826926, 0.6108422352, 0.9695517517, 0.0655164475, 0.1289446393, -0.3161439955, -1.228458948, 0.7875553262, 0.6032312934, 0.1478170128, -2.041463332, -0.542590565, 0.5672445612, -0.1858590695, -0.4286440397, 2.110658157, 0.8862388924, 1.950323716, -2.190511617, 1.211773768, -1.497080976, -0.2516313156, 0.230962481, -0.8439940374, -0.2914239734, 0.5185040171, 0.489483536, -0.03161533482, 1.010833864, 0.364737741, 0.3349128224, 0.4297732634, 2.386772152, -0.4217711314, -1.074582029, -1.777251991, -0.6641240518, 1.764655556, -1.55014766]",-26.244433265427727,5.654500342204721e-15,1,3,3,0,True,converged,quadratic_grid,50.0,1.0,"[-0.5664074926, -0.802138531, -0.6697443418, 1.721201893, -0.6293215622, -0.4861780844, -0.2323260414, 0.1539533234, -0.4299592529, 0.6165694879, -0.3463497731, -1.092826926, 0.6108422352, 0.9695517517, 0.0655164475, 0.1289446393, -0.3161439955, -1.228458948, 0.7875553262, 0.6032312934, 0.1478170128, -2.041463332, -0.542590565, 0.5672445612, -0.1858590695, -0.4286440397, 2.110658157, 0.8862388924, 1.950323716, -2.190511617, 1.211773768, -1.497080976, -0.2516313156, 0.230962481, -0.8439940374, -0.2914239734, 0.5185040171, 0.489483536, -0.03161533482, 1.010833864, 0.364737741, 0.3349128224, 0.4297732634, 2.386772152, -0.4217711314, -1.074582029, -1.777251991, -0.6641240518, 1.764655556, -1.55014766]",0.0,,,,0.0,,,,,,
lbfgs,quadratic_n50_k1,"[0, 0, 0, 0, 0, 0, 0, 0, 0, 0, 0, 0, 0, 0, 0, 0, 0, 0, 0, 0, 0, 0, 0, 0, 0, 0, 0, 0, 0, 0, 0, 0, 0, 0, 0, 0, 0, 0, 0, 0, 0, 0, 0, 0, 0, 0, 0, 0, 0, 0]","[-0.5664074926, -0.802138531, -0.6697443418, 1.721201893, -0.6293215622, -0.4861780844, -0.2323260414, 0.1539533234, -0.4299592529, 0.6165694879, -0.3463497731, -1.092826926, 0.6108422352, 0.9695517517, 0.0655164475, 0.1289446393, -0.3161439955, -1.228458948, 0.7875553262, 0.6032312934, 0.1478170128, -2.041463332, -0.542590565, 0.5672445612, -0.1858590695, -0.4286440397, 2.110658157, 0.8862388924, 1.950323716, -2.190511617, 1.211773768, -1.497080976, -0.2516313156, 0.230962481, -0.8439940374, -0.2914239734, 0.5185040171, 0.489483536, -0.03161533482, 1.010833864, 0.364737741, 0.3349128224, 0.4297732634, 2.386772152, -0.4217711314, -1.074582029, -1.777251991, -0.6641240518, 1.764655556, -1.55014766]",-26.244433265427727,5.654500342204721e-15,1,3,4,0,True,converged,quadratic_grid,50.0,1.0,"[-0.5664074926, -0.802138531, -0.6697443418, 1.721201893, -0.6293215622, -0.4861780844, -0.2323260414, 0.1539533234, -0.4299592529, 0.6165694879, -0.3463497731, -1.092826926, 0.6108422352, 0.9695517517, 0.0655164475, 0.1289446393, -0.3161439955, -1.228458948, 0.7875553262, 0.6032312934, 0.1478170128, -2.041463332, -0.542590565, 0.5672445612, -0.1858590695, -0.4286440397, 2.110658157, 0.8862388924, 1.950323716, -2.190511617, 1.211773768, -1.497080976, -0.2516313156, 0.230962481, -0.8439940374, -0.2914239734, 0.5185040171, 0.489483536, -0.03161533482, 1.010833864, 0.364737741, 0.3349128224, 0.4297732634, 2.386772152, -0.4217711314, -1.074582029, -1.777251991, -0.6641240518, 1.764655556, -1.55014766]",0.0,,,,0.0,10.0,,,,,
scipy_newton_cg,quadratic_n50_k1,"[0, 0, 0, 0, 0, 0, 0, 0, 0, 0, 0, 0, 0, 0, 0, 0, 0, 0, 0, 0, 0, 0, 0, 0, 0, 0, 0, 0, 0, 0, 0, 0, 0, 0, 0, 0, 0, 0, 0, 0, 0, 0, 0, 0, 0, 0, 0, 0, 0, 0]","[0, 0, 0, 0, 0, 0, 0, 0, 0, 0, 0, 0, 0, 0, 0, 0, 0, 0, 0, 0, 0, 0, 0, 0, 0, 0, 0, 0, 0, 0, 0, 0, 0, 0, 0, 0, 0, 0, 0, 0, 0, 0, 0, 0, 0, 0, 0, 0, 0, 0]",0.0,7.244920049997478,0,1,1,0,False,scipy_not_installed,quadratic_grid,50.0,1.0,"[-0.5664074926, -0.802138531, -0.6697443418, 1.721201893, -0.6293215622, -0.4861780844, -0.2323260414, 0.1539533234, -0.4299592529, 0.6165694879, -0.3463497731, -1.092826926, 0.6108422352, 0.9695517517, 0.0655164475, 0.1289446393, -0.3161439955, -1.228458948, 0.7875553262, 0.6032312934, 0.1478170128, -2.041463332, -0.542590565, 0.5672445612, -0.1858590695, -0.4286440397, 2.110658157, 0.8862388924, 1.950323716, -2.190511617, 1.211773768, -1.497080976, -0.2516313156, 0.230962481, -0.8439940374, -0.2914239734, 0.5185040171, 0.489483536, -0.03161533482, 1.010833864, 0.364737741, 0.3349128224, 0.4297732634, 2.386772152, -0.4217711314, -1.074582029, -1.777251991, -0.6641240518, 1.764655556, -1.55014766]",,,,,,,not_installed,,,,
quadratic_cg,quadratic_n50_k10,"[0, 0, 0, 0, 0, 0, 0, 0, 0, 0, 0, 0, 0, 0, 0, 0, 0, 0, 0, 0, 0, 0, 0, 0, 0, 0, 0, 0, 0, 0, 0, 0, 0, 0, 0, 0, 0, 0, 0, 0, 0, 0, 0, 0, 0, 0, 0, 0, 0, 0]","[0.5873110339, 0.3497076234, 0.9230482581, -0.5893378968, 0.4848094205, -0.5942031976, -1.200600349, -1.21030062, -1.003995098, -1.245075436, 0.312837071, -0.174904851, -0.6356041179, -2.157157521, 1.375908388, -0.7699344912, -0.8727812723, -1.396753518, 1.993639155, 0.7098577601, -0.09099540892, 1.060203192, 0.6283695522, -0.8742560916, 0.1338908522, -0.1538133857, -0.2004394824, 0.5356607801, 0.1265175214, 0.7573971076, 0.6491002828, -1.386371633, 1.603037967, 1.298849863, 0.9707577409, -1.649002842, 0.1592268028, 0.4676472423, 0.07786308995, 1.215554141, -0.3373255619, 0.09734413465, 0.6429806387, 0.2152573625, -0.2721228573, 0.1387563811, -1.876919074, 0.6929341902, 0.6453971628, -0.1419753519]",-74.00972078486943,4.262441388373838e-09,30,1,31,0,True,converged,quadratic_grid,50.0,10.0,"[0.5873110335, 0.3497076234, 0.9230482582, -0.589337897, 0.48480942, -0.5942031976, -1.200600349, -1.210300619, -1.003995098, -1.245075436, 0.312837071, -0.1749048511, -0.635604118, -2.157157521, 1.375908388, -0.7699344906, -0.872781272, -1.396753517, 1.993639155, 0.7098577604, -0.09099540901, 1.060203191, 0.6283695521, -0.8742560919, 0.1338908522, -0.1538133861, -0.200439482, 0.5356607807, 0.1265175216, 0.7573971079, 0.6491002832, -1.386371633, 1.603037967, 1.298849862, 0.9707577411, -1.649002842, 0.1592268034, 0.4676472424, 0.07786309009, 1.215554141, -0.3373255619, 0.09734413467, 0.642980639, 0.2152573622, -0.2721228575, 0.1387563812, -1.876919074, 0.6929341905, 0.6453971626, -0.1419753516]",,,,,,,,,,,
nonlinear_cg_fr,quadratic_n50_k10,"[0, 0, 0, 0, 0, 0, 0, 0, 0, 0, 0, 0, 0, 0, 0, 0, 0, 0, 0, 0, 0, 0, 0, 0, 0, 0, 0, 0, 0, 0, 0, 0, 0, 0, 0, 0, 0, 0, 0, 0, 0, 0, 0, 0, 0, 0, 0, 0, 0, 0]","[0.5873110341, 0.3497076232, 0.9230482586, -0.5893378972, 0.48480942, -0.5942031976, -1.200600348, -1.210300619, -1.003995098, -1.245075436, 0.3128370708, -0.1749048515, -0.6356041179, -2.157157521, 1.375908387, -0.7699344902, -0.8727812718, -1.396753517, 1.993639155, 0.7098577602, -0.09099540923, 1.060203192, 0.6283695518, -0.8742560916, 0.133890852, -0.1538133857, -0.2004394818, 0.5356607806, 0.1265175214, 0.7573971079, 0.6491002831, -1.386371633, 1.603037967, 1.298849862, 0.9707577418, -1.649002842, 0.1592268035, 0.4676472429, 0.07786309058, 1.215554142, -0.3373255622, 0.09734413441, 0.6429806385, 0.215257362, -0.2721228572, 0.1387563812, -1.876919074, 0.6929341909, 0.6453971626, -0.1419753512]",-74.00972078486949,1.8151905238368398e-08,3000,124687,3001,0,False,max_iter_reached,quadratic_grid,50.0,10.0,"[0.5873110335, 0.3497076234, 0.9230482582, -0.589337897, 0.48480942, -0.5942031976, -1.200600349, -1.210300619, -1.003995098, -1.245075436, 0.312837071, -0.1749048511, -0.635604118, -2.157157521, 1.375908388, -0.7699344906, -0.872781272, -1.396753517, 1.993639155, 0.7098577604, -0.09099540901, 1.060203191, 0.6283695521, -0.8742560919, 0.1338908522, -0.1538133861, -0.200439482, 0.5356607807, 0.1265175216, 0.7573971079, 0.6491002832, -1.386371633, 1.603037967, 1.298849862, 0.9707577411, -1.649002842, 0.1592268034, 0.4676472424, 0.07786309009, 1.215554141, -0.3373255619, 0.09734413467, 0.642980639, 0.2152573622, -0.2721228575, 0.1387563812, -1.876919074, 0.6929341905, 0.6453971626, -0.1419753516]",7.0,,,,,,,,,,
nonlinear_cg_pr,quadratic_n50_k10,"[0, 0, 0, 0, 0, 0, 0, 0, 0, 0, 0, 0, 0, 0, 0, 0, 0, 0, 0, 0, 0, 0, 0, 0, 0, 0, 0, 0, 0, 0, 0, 0, 0, 0, 0, 0, 0, 0, 0, 0, 0, 0, 0, 0, 0, 0, 0, 0, 0, 0]","[0.5873110339, 0.3497076263, 0.9230482613, -0.5893378974, 0.4848094211, -0.5942031975, -1.200600348, -1.21030062, -1.003995099, -1.245075435, 0.312837072, -0.1749048508, -0.6356041169, -2.157157519, 1.37590839, -0.7699344878, -0.8727812708, -1.396753516, 1.993639153, 0.7098577616, -0.09099540514, 1.060203194, 0.6283695511, -0.8742560895, 0.133890852, -0.1538133866, -0.2004394807, 0.5356607794, 0.1265175202, 0.7573971067, 0.6491002818, -1.386371635, 1.603037967, 1.298849861, 0.970757742, -1.649002842, 0.1592268063, 0.4676472437, 0.07786308953, 1.21555414, -0.3373255621, 0.09734413394, 0.6429806393, 0.2152573613, -0.2721228564, 0.1387563818, -1.876919075, 0.6929341891, 0.6453971627, -0.141975353]",-74.00972078486947,6.939879111827598e-08,3000,100566,3001,0,False,max_iter_reached,quadratic_grid,50.0,10.0,"[0.5873110335, 0.3497076234, 0.9230482582, -0.589337897, 0.48480942, -0.5942031976, -1.200600349, -1.210300619, -1.003995098, -1.245075436, 0.312837071, -0.1749048511, -0.635604118, -2.157157521, 1.375908388, -0.7699344906, -0.872781272, -1.396753517, 1.993639155, 0.7098577604, -0.09099540901, 1.060203191, 0.6283695521, -0.8742560919, 0.1338908522, -0.1538133861, -0.200439482, 0.5356607807, 0.1265175216, 0.7573971079, 0.6491002832, -1.386371633, 1.603037967, 1.298849862, 0.9707577411, -1.649002842, 0.1592268034, 0.4676472424, 0.07786309009, 1.215554141, -0.3373255619, 0.09734413467, 0.642980639, 0.2152573622, -0.2721228575, 0.1387563812, -1.876919074, 0.6929341905, 0.6453971626, -0.1419753516]",11.0,,,,,,,,,,
newton_cholesky,quadratic_n50_k10,"[0, 0, 0, 0, 0, 0, 0, 0, 0, 0, 0, 0, 0, 0, 0, 0, 0, 0, 0, 0, 0, 0, 0, 0, 0, 0, 0, 0, 0, 0, 0, 0, 0, 0, 0, 0, 0, 0, 0, 0, 0, 0, 0, 0, 0, 0, 0, 0, 0, 0]","[0.5873110335, 0.3497076234, 0.9230482582, -0.589337897, 0.48480942, -0.5942031976, -1.200600349, -1.210300619, -1.003995098, -1.245075436, 0.312837071, -0.1749048511, -0.635604118, -2.157157521, 1.375908388, -0.7699344906, -0.872781272, -1.396753517, 1.993639155, 0.7098577604, -0.09099540901, 1.060203191, 0.6283695521, -0.8742560919, 0.1338908522, -0.1538133861, -0.200439482, 0.5356607807, 0.1265175216, 0.7573971079, 0.6491002832, -1.386371633, 1.603037967, 1.298849862, 0.9707577411, -1.649002842, 0.1592268034, 0.4676472424, 0.07786309009, 1.215554141, -0.3373255619, 0.09734413467, 0.642980639, 0.2152573622, -0.2721228575, 0.1387563812, -1.876919074, 0.6929341905, 0.6453971626, -0.1419753516]",-74.0097207848694,1.2678800410691789e-14,1,1,2,1,True,converged,quadratic_grid,50.0,10.0,"[0.5873110335, 0.3497076234, 0.9230482582, -0.589337897, 0.48480942, -0.5942031976, -1.200600349, -1.210300619, -1.003995098, -1.245075436, 0.312837071, -0.1749048511, -0.635604118, -2.157157521, 1.375908388, -0.7699344906, -0.872781272, -1.396753517, 1.993639155, 0.7098577604, -0.09099540901, 1.060203191, 0.6283695521, -0.8742560919, 0.1338908522, -0.1538133861, -0.200439482, 0.5356607807, 0.1265175216, 0.7573971079, 0.6491002832, -1.386371633, 1.603037967, 1.298849862, 0.9707577411, -1.649002842, 0.1592268034, 0.4676472424, 0.07786309009, 1.215554141, -0.3373255619, 0.09734413467, 0.642980639, 0.2152573622, -0.2721228575, 0.1387563812, -1.876919074, 0.6929341905, 0.6453971626, -0.1419753516]",,,,,,,,,,,
newton_direction,quadratic_n50_k10,"[0, 0, 0, 0, 0, 0, 0, 0, 0, 0, 0, 0, 0, 0, 0, 0, 0, 0, 0, 0, 0, 0, 0, 0, 0, 0, 0, 0, 0, 0, 0, 0, 0, 0, 0, 0, 0, 0, 0, 0, 0, 0, 0, 0, 0, 0, 0, 0, 0, 0]","[0.5873110335, 0.3497076234, 0.9230482582, -0.589337897, 0.48480942, -0.5942031976, -1.200600349, -1.210300619, -1.003995098, -1.245075436, 0.312837071, -0.1749048511, -0.635604118, -2.157157521, 1.375908388, -0.7699344906, -0.872781272, -1.396753517, 1.993639155, 0.7098577604, -0.09099540901, 1.060203191, 0.6283695521, -0.8742560919, 0.1338908522, -0.1538133861, -0.200439482, 0.5356607807, 0.1265175216, 0.7573971079, 0.6491002832, -1.386371633, 1.603037967, 1.298849862, 0.9707577411, -1.649002842, 0.1592268034, 0.4676472424, 0.07786309009, 1.215554141, -0.3373255619, 0.09734413467, 0.642980639, 0.2152573622, -0.2721228575, 0.1387563812, -1.876919074, 0.6929341905, 0.6453971626, -0.1419753516]",-74.0097207848694,8.082164359736382e-15,1,3,3,1,True,converged,quadratic_grid,50.0,10.0,"[0.5873110335, 0.3497076234, 0.9230482582, -0.589337897, 0.48480942, -0.5942031976, -1.200600349, -1.210300619, -1.003995098, -1.245075436, 0.312837071, -0.1749048511, -0.635604118, -2.157157521, 1.375908388, -0.7699344906, -0.872781272, -1.396753517, 1.993639155, 0.7098577604, -0.09099540901, 1.060203191, 0.6283695521, -0.8742560919, 0.1338908522, -0.1538133861, -0.200439482, 0.5356607807, 0.1265175216, 0.7573971079, 0.6491002832, -1.386371633, 1.603037967, 1.298849862, 0.9707577411, -1.649002842, 0.1592268034, 0.4676472424, 0.07786309009, 1.215554141, -0.3373255619, 0.09734413467, 0.642980639, 0.2152573622, -0.2721228575, 0.1387563812, -1.876919074, 0.6929341905, 0.6453971626, -0.1419753516]",,0.0,,,,,,,,,
dogleg,quadratic_n50_k10,"[0, 0, 0, 0, 0, 0, 0, 0, 0, 0, 0, 0, 0, 0, 0, 0, 0, 0, 0, 0, 0, 0, 0, 0, 0, 0, 0, 0, 0, 0, 0, 0, 0, 0, 0, 0, 0, 0, 0, 0, 0, 0, 0, 0, 0, 0, 0, 0, 0, 0]","[0.5873110335, 0.3497076234, 0.9230482582, -0.589337897, 0.48480942, -0.5942031976, -1.200600349, -1.210300619, -1.003995098, -1.245075436, 0.312837071, -0.1749048511, -0.635604118, -2.157157521, 1.375908388, -0.7699344906, -0.872781272, -1.396753517, 1.993639155, 0.7098577604, -0.09099540901, 1.060203191, 0.6283695521, -0.8742560919, 0.1338908522, -0.1538133861, -0.200439482, 0.5356607807, 0.1265175216, 0.7573971079, 0.6491002832, -1.386371633, 1.603037967, 1.298849862, 0.9707577411, -1.649002842, 0.1592268034, 0.4676472424, 0.07786309009, 1.215554141, -0.3373255619, 0.09734413467, 0.642980639, 0.2152573622, -0.2721228575, 0.1387563812, -1.876919074, 0.6929341905, 0.6453971626, -0.1419753516]",-74.0097207848694,6.7627985017559535e-15,4,9,5,4,True,converged,quadratic_grid,50.0,10.0,"[0.5873110335, 0.3497076234, 0.9230482582, -0.589337897, 0.48480942, -0.5942031976, -1.200600349, -1.210300619, -1.003995098, -1.245075436, 0.312837071, -0.1749048511, -0.635604118, -2.157157521, 1.375908388, -0.7699344906, -0.872781272, -1.396753517, 1.993639155, 0.7098577604, -0.09099540901, 1.060203191, 0.6283695521, -0.8742560919, 0.1338908522, -0.1538133861, -0.200439482, 0.5356607807, 0.1265175216, 0.7573971079, 0.6491002832, -1.386371633, 1.603037967, 1.298849862, 0.9707577411, -1.649002842, 0.1592268034, 0.4676472424, 0.07786309009, 1.215554141, -0.3373255619, 0.09734413467, 0.642980639, 0.2152573622, -0.2721228575, 0.1387563812, -1.876919074, 0.6929341905, 0.6453971626, -0.1419753516]",,,4.0,8.0,,,,,,,
dfp,quadratic_n50_k10,"[0, 0, 0, 0, 0, 0, 0, 0, 0, 0, 0, 0, 0, 0, 0, 0, 0, 0, 0, 0, 0, 0, 0, 0, 0, 0, 0, 0, 0, 0, 0, 0, 0, 0, 0, 0, 0, 0, 0, 0, 0, 0, 0, 0, 0, 0, 0, 0, 0, 0]","[0.5873110338, 0.3497076238, 0.9230482584, -0.5893378976, 0.4848094195, -0.5942031977, -1.200600349, -1.210300619, -1.003995098, -1.245075435, 0.3128370702, -0.1749048511, -0.6356041182, -2.157157521, 1.375908387, -0.7699344905, -0.8727812715, -1.396753518, 1.993639154, 0.7098577603, -0.09099540836, 1.060203191, 0.6283695519, -0.8742560918, 0.1338908521, -0.1538133856, -0.2004394822, 0.5356607811, 0.1265175211, 0.7573971084, 0.6491002836, -1.386371633, 1.603037967, 1.298849862, 0.9707577411, -1.649002843, 0.1592268031, 0.4676472423, 0.07786309026, 1.215554142, -0.337325562, 0.09734413498, 0.6429806396, 0.2152573618, -0.2721228574, 0.1387563809, -1.876919074, 0.6929341896, 0.6453971625, -0.1419753521]",-74.00972078486943,9.450328512096558e-09,59,143,119,0,True,converged,quadratic_grid,50.0,10.0,"[0.5873110335, 0.3497076234, 0.9230482582, -0.589337897, 0.48480942, -0.5942031976, -1.200600349, -1.210300619, -1.003995098, -1.245075436, 0.312837071, -0.1749048511, -0.635604118, -2.157157521, 1.375908388, -0.7699344906, -0.872781272, -1.396753517, 1.993639155, 0.7098577604, -0.09099540901, 1.060203191, 0.6283695521, -0.8742560919, 0.1338908522, -0.1538133861, -0.200439482, 0.5356607807, 0.1265175216, 0.7573971079, 0.6491002832, -1.386371633, 1.603037967, 1.298849862, 0.9707577411, -1.649002842, 0.1592268034, 0.4676472424, 0.07786309009, 1.215554141, -0.3373255619, 0.09734413467, 0.642980639, 0.2152573622, -0.2721228575, 0.1387563812, -1.876919074, 0.6929341905, 0.6453971626, -0.1419753516]",0.0,,,,12.0,,,,,,
bfgs,quadratic_n50_k10,"[0, 0, 0, 0, 0, 0, 0, 0, 0, 0, 0, 0, 0, 0, 0, 0, 0, 0, 0, 0, 0, 0, 0, 0, 0, 0, 0, 0, 0, 0, 0, 0, 0, 0, 0, 0, 0, 0, 0, 0, 0, 0, 0, 0, 0, 0, 0, 0, 0, 0]","[0.5873110336, 0.3497076236, 0.9230482581, -0.589337897, 0.4848094202, -0.5942031973, -1.20060035, -1.21030062, -1.003995097, -1.245075437, 0.3128370715, -0.1749048502, -0.635604118, -2.157157521, 1.375908388, -0.7699344899, -0.8727812723, -1.396753518, 1.993639155, 0.7098577601, -0.09099540884, 1.060203191, 0.6283695518, -0.8742560918, 0.1338908527, -0.1538133855, -0.2004394815, 0.5356607806, 0.126517522, 0.7573971081, 0.6491002833, -1.386371632, 1.603037966, 1.298849862, 0.9707577414, -1.649002842, 0.1592268032, 0.4676472433, 0.0778630897, 1.215554141, -0.3373255625, 0.09734413444, 0.6429806395, 0.2152573625, -0.2721228578, 0.1387563817, -1.876919075, 0.6929341903, 0.6453971633, -0.1419753516]",-74.00972078486947,1.2508334551286519e-08,3000,88432,6001,0,False,max_iter_reached,quadratic_grid,50.0,10.0,"[0.5873110335, 0.3497076234, 0.9230482582, -0.589337897, 0.48480942, -0.5942031976, -1.200600349, -1.210300619, -1.003995098, -1.245075436, 0.312837071, -0.1749048511, -0.635604118, -2.157157521, 1.375908388, -0.7699344906, -0.872781272, -1.396753517, 1.993639155, 0.7098577604, -0.09099540901, 1.060203191, 0.6283695521, -0.8742560919, 0.1338908522, -0.1538133861, -0.200439482, 0.5356607807, 0.1265175216, 0.7573971079, 0.6491002832, -1.386371633, 1.603037967, 1.298849862, 0.9707577411, -1.649002842, 0.1592268034, 0.4676472424, 0.07786309009, 1.215554141, -0.3373255619, 0.09734413467, 0.642980639, 0.2152573622, -0.2721228575, 0.1387563812, -1.876919074, 0.6929341905, 0.6453971626, -0.1419753516]",0.0,,,,2957.0,,,,,,
lbfgs,quadratic_n50_k10,"[0, 0, 0, 0, 0, 0, 0, 0, 0, 0, 0, 0, 0, 0, 0, 0, 0, 0, 0, 0, 0, 0, 0, 0, 0, 0, 0, 0, 0, 0, 0, 0, 0, 0, 0, 0, 0, 0, 0, 0, 0, 0, 0, 0, 0, 0, 0, 0, 0, 0]","[0.5873110522, 0.3497076256, 0.9230482571, -0.5893378925, 0.4848094214, -0.5942032041, -1.200600346, -1.210300623, -1.003995092, -1.245075447, 0.3128370774, -0.1749048464, -0.6356041176, -2.157157524, 1.375908387, -0.7699344895, -0.872781262, -1.396753526, 1.993639157, 0.7098577619, -0.09099541876, 1.060203188, 0.6283695609, -0.8742560889, 0.1338908579, -0.1538133984, -0.2004394824, 0.5356607757, 0.1265175222, 0.7573971145, 0.6491002767, -1.386371634, 1.603037966, 1.298849871, 0.9707577443, -1.649002851, 0.1592267951, 0.4676472455, 0.07786309374, 1.215554127, -0.3373255606, 0.09734413943, 0.6429806383, 0.2152573583, -0.2721228525, 0.1387563748, -1.876919071, 0.6929341902, 0.6453971431, -0.1419753608]",-74.00972078486946,5.441377044095032e-08,3000,236878,6043,0,False,max_iter_reached,quadratic_grid,50.0,10.0,"[0.5873110335, 0.3497076234, 0.9230482582, -0.589337897, 0.48480942, -0.5942031976, -1.200600349, -1.210300619, -1.003995098, -1.245075436, 0.312837071, -0.1749048511, -0.635604118, -2.157157521, 1.375908388, -0.7699344906, -0.872781272, -1.396753517, 1.993639155, 0.7098577604, -0.09099540901, 1.060203191, 0.6283695521, -0.8742560919, 0.1338908522, -0.1538133861, -0.200439482, 0.5356607807, 0.1265175216, 0.7573971079, 0.6491002832, -1.386371633, 1.603037967, 1.298849862, 0.9707577411, -1.649002842, 0.1592268034, 0.4676472424, 0.07786309009, 1.215554141, -0.3373255619, 0.09734413467, 0.642980639, 0.2152573622, -0.2721228575, 0.1387563812, -1.876919074, 0.6929341905, 0.6453971626, -0.1419753516]",0.0,,,,2976.0,10.0,,,,,
scipy_newton_cg,quadratic_n50_k10,"[0, 0, 0, 0, 0, 0, 0, 0, 0, 0, 0, 0, 0, 0, 0, 0, 0, 0, 0, 0, 0, 0, 0, 0, 0, 0, 0, 0, 0, 0, 0, 0, 0, 0, 0, 0, 0, 0, 0, 0, 0, 0, 0, 0, 0, 0, 0, 0, 0, 0]","[0, 0, 0, 0, 0, 0, 0, 0, 0, 0, 0, 0, 0, 0, 0, 0, 0, 0, 0, 0, 0, 0, 0, 0, 0, 0, 0, 0, 0, 0, 0, 0, 0, 0, 0, 0, 0, 0, 0, 0, 0, 0, 0, 0, 0, 0, 0, 0, 0, 0]",0.0,26.192206270651603,0,1,1,0,False,scipy_not_installed,quadratic_grid,50.0,10.0,"[0.5873110335, 0.3497076234, 0.9230482582, -0.589337897, 0.48480942, -0.5942031976, -1.200600349, -1.210300619, -1.003995098, -1.245075436, 0.312837071, -0.1749048511, -0.635604118, -2.157157521, 1.375908388, -0.7699344906, -0.872781272, -1.396753517, 1.993639155, 0.7098577604, -0.09099540901, 1.060203191, 0.6283695521, -0.8742560919, 0.1338908522, -0.1538133861, -0.200439482, 0.5356607807, 0.1265175216, 0.7573971079, 0.6491002832, -1.386371633, 1.603037967, 1.298849862, 0.9707577411, -1.649002842, 0.1592268034, 0.4676472424, 0.07786309009, 1.215554141, -0.3373255619, 0.09734413467, 0.642980639, 0.2152573622, -0.2721228575, 0.1387563812, -1.876919074, 0.6929341905, 0.6453971626, -0.1419753516]",,,,,,,not_installed,,,,
quadratic_cg,quadratic_n50_k100,"[0, 0, 0, 0, 0, 0, 0, 0, 0, 0, 0, 0, 0, 0, 0, 0, 0, 0, 0, 0, 0, 0, 0, 0, 0, 0, 0, 0, 0, 0, 0, 0, 0, 0, 0, 0, 0, 0, 0, 0, 0, 0, 0, 0, 0, 0, 0, 0, 0, 0]","[0.444812835, 0.07238643386, 0.5201615431, 0.8672376709, 0.691164428, 2.375464466, 0.00419183331, 0.5082086935, 0.043081478, -1.238953703, -0.3587917906, 1.404984609, 1.607359984, -0.5914261466, 1.070580033, 0.3608670875, -1.219462435, 0.7357254299, 0.4877269248, -0.7607423321, -0.4984110145, -0.1661380098, -0.8985796195, 1.682551374, 1.381886996, -1.742598424, 0.4837904755, -0.06191479782, -0.4830487625, -0.1444485224, 1.425936286, -0.6547541761, 0.1889156234, 1.116289571, 0.2164357774, 0.7138722697, -2.146586735, -1.4307291, 0.2612391923, 0.471576756, 1.177740561, -0.2607869357, -1.083681199, -0.09804523876, -0.7736581614, 0.8377104463, -1.51770533, 0.7791866475, -1.151765193, 0.1150601599]",-360.3833903009478,9.917745062681424e-09,66,1,67,0,True,converged,quadratic_grid,50.0,100.0,"[0.4448128346, 0.07238643425, 0.5201615432, 0.8672376701, 0.6911644276, 2.375464466, 0.004191833399, 0.5082086933, 0.04308147806, -1.238953702, -0.3587917903, 1.404984608, 1.607359984, -0.5914261467, 1.070580033, 0.3608670871, -1.219462434, 0.7357254294, 0.4877269262, -0.7607423316, -0.498411014, -0.1661380101, -0.8985796194, 1.682551373, 1.381886996, -1.742598426, 0.4837904756, -0.06191479801, -0.483048762, -0.1444485228, 1.425936286, -0.6547541756, 0.1889156236, 1.116289571, 0.2164357767, 0.7138722699, -2.146586735, -1.4307291, 0.2612391928, 0.4715767553, 1.177740561, -0.2607869349, -1.0836812, -0.09804523928, -0.7736581617, 0.8377104467, -1.51770533, 0.7791866473, -1.151765193, 0.1150601595]",,,,,,,,,,,
nonlinear_cg_fr,quadratic_n50_k100,"[0, 0, 0, 0, 0, 0, 0, 0, 0, 0, 0, 0, 0, 0, 0, 0, 0, 0, 0, 0, 0, 0, 0, 0, 0, 0, 0, 0, 0, 0, 0, 0, 0, 0, 0, 0, 0, 0, 0, 0, 0, 0, 0, 0, 0, 0, 0, 0, 0, 0]","[0.4448128015, 0.07238639924, 0.5201615669, 0.8672376463, 0.6911644175, 2.375464466, 0.004191869329, 0.5082087346, 0.04308144019, -1.238953743, -0.3587917564, 1.404984562, 1.607359988, -0.5914261946, 1.070580069, 0.3608670714, -1.219462494, 0.7357253801, 0.4877269338, -0.7607422646, -0.4984109278, -0.1661379897, -0.8985796455, 1.682551353, 1.381887033, -1.742598376, 0.4837904198, -0.06191480766, -0.4830486698, -0.144448489, 1.425936298, -0.6547541563, 0.1889155958, 1.116289641, 0.2164357964, 0.7138722449, -2.146586706, -1.43072908, 0.2612391871, 0.4715767658, 1.177740581, -0.2607869594, -1.083681151, -0.09804525589, -0.7736581926, 0.8377104345, -1.517705379, 0.7791866804, -1.151765229, 0.1150601261]",-360.38339030094807,1.5729424158128937e-06,3000,129606,3001,0,False,max_iter_reached,quadratic_grid,50.0,100.0,"[0.4448128346, 0.07238643425, 0.5201615432, 0.8672376701, 0.6911644276, 2.375464466, 0.004191833399, 0.5082086933, 0.04308147806, -1.238953702, -0.3587917903, 1.404984608, 1.607359984, -0.5914261467, 1.070580033, 0.3608670871, -1.219462434, 0.7357254294, 0.4877269262, -0.7607423316, -0.498411014, -0.1661380101, -0.8985796194, 1.682551373, 1.381886996, -1.742598426, 0.4837904756, -0.06191479801, -0.483048762, -0.1444485228, 1.425936286, -0.6547541756, 0.1889156236, 1.116289571, 0.2164357767, 0.7138722699, -2.146586735, -1.4307291, 0.2612391928, 0.4715767553, 1.177740561, -0.2607869349, -1.0836812, -0.09804523928, -0.7736581617, 0.8377104467, -1.51770533, 0.7791866473, -1.151765193, 0.1150601595]",2.0,,,,,,,,,,
nonlinear_cg_pr,quadratic_n50_k100,"[0, 0, 0, 0, 0, 0, 0, 0, 0, 0, 0, 0, 0, 0, 0, 0, 0, 0, 0, 0, 0, 0, 0, 0, 0, 0, 0, 0, 0, 0, 0, 0, 0, 0, 0, 0, 0, 0, 0, 0, 0, 0, 0, 0, 0, 0, 0, 0, 0, 0]","[0.444812863, 0.07238640567, 0.5201615347, 0.8672376504, 0.6911644854, 2.375464451, 0.004191832327, 0.5082086555, 0.0430814671, -1.238953718, -0.3587918229, 1.40498465, 1.607360029, -0.5914261703, 1.070580009, 0.3608671069, -1.219462456, 0.7357254733, 0.4877269693, -0.7607423311, -0.4984109884, -0.1661379865, -0.8985796611, 1.682551339, 1.381887016, -1.742598432, 0.4837903772, -0.06191473829, -0.4830487554, -0.1444485887, 1.425936244, -0.6547541921, 0.1889155963, 1.116289568, 0.2164357893, 0.7138722092, -2.146586759, -1.430729057, 0.2612391864, 0.4715767168, 1.177740555, -0.260786914, -1.08368114, -0.0980452438, -0.7736581624, 0.8377104275, -1.517705308, 0.7791866496, -1.151765216, 0.1150602364]",-360.38339030094795,4.928777453056264e-07,3000,112794,3001,0,False,max_iter_reached,quadratic_grid,50.0,100.0,"[0.4448128346, 0.07238643425, 0.5201615432, 0.8672376701, 0.6911644276, 2.375464466, 0.004191833399, 0.5082086933, 0.04308147806, -1.238953702, -0.3587917903, 1.404984608, 1.607359984, -0.5914261467, 1.070580033, 0.3608670871, -1.219462434, 0.7357254294, 0.4877269262, -0.7607423316, -0.498411014, -0.1661380101, -0.8985796194, 1.682551373, 1.381886996, -1.742598426, 0.4837904756, -0.06191479801, -0.483048762, -0.1444485228, 1.425936286, -0.6547541756, 0.1889156236, 1.116289571, 0.2164357767, 0.7138722699, -2.146586735, -1.4307291, 0.2612391928, 0.4715767553, 1.177740561, -0.2607869349, -1.0836812, -0.09804523928, -0.7736581617, 0.8377104467, -1.51770533, 0.7791866473, -1.151765193, 0.1150601595]",14.0,,,,,,,,,,
newton_cholesky,quadratic_n50_k100,"[0, 0, 0, 0, 0, 0, 0, 0, 0, 0, 0, 0, 0, 0, 0, 0, 0, 0, 0, 0, 0, 0, 0, 0, 0, 0, 0, 0, 0, 0, 0, 0, 0, 0, 0, 0, 0, 0, 0, 0, 0, 0, 0, 0, 0, 0, 0, 0, 0, 0]","[0.4448128346, 0.07238643425, 0.5201615432, 0.8672376701, 0.6911644276, 2.375464466, 0.004191833399, 0.5082086933, 0.04308147806, -1.238953702, -0.3587917903, 1.404984608, 1.607359984, -0.5914261467, 1.070580033, 0.3608670871, -1.219462434, 0.7357254294, 0.4877269262, -0.7607423316, -0.498411014, -0.1661380101, -0.8985796194, 1.682551373, 1.381886996, -1.742598426, 0.4837904756, -0.06191479801, -0.483048762, -0.1444485228, 1.425936286, -0.6547541756, 0.1889156236, 1.116289571, 0.2164357767, 0.7138722699, -2.146586735, -1.4307291, 0.2612391928, 0.4715767553, 1.177740561, -0.2607869349, -1.0836812, -0.09804523928, -0.7736581617, 0.8377104467, -1.51770533, 0.7791866473, -1.151765193, 0.1150601595]",-360.3833903009478,6.580766790000273e-14,1,1,2,1,True,converged,quadratic_grid,50.0,100.0,"[0.4448128346, 0.07238643425, 0.5201615432, 0.8672376701, 0.6911644276, 2.375464466, 0.004191833399, 0.5082086933, 0.04308147806, -1.238953702, -0.3587917903, 1.404984608, 1.607359984, -0.5914261467, 1.070580033, 0.3608670871, -1.219462434, 0.7357254294, 0.4877269262, -0.7607423316, -0.498411014, -0.1661380101, -0.8985796194, 1.682551373, 1.381886996, -1.742598426, 0.4837904756, -0.06191479801, -0.483048762, -0.1444485228, 1.425936286, -0.6547541756, 0.1889156236, 1.116289571, 0.2164357767, 0.7138722699, -2.146586735, -1.4307291, 0.2612391928, 0.4715767553, 1.177740561, -0.2607869349, -1.0836812, -0.09804523928, -0.7736581617, 0.8377104467, -1.51770533, 0.7791866473, -1.151765193, 0.1150601595]",,,,,,,,,,,
newton_direction,quadratic_n50_k100,"[0, 0, 0, 0, 0, 0, 0, 0, 0, 0, 0, 0, 0, 0, 0, 0, 0, 0, 0, 0, 0, 0, 0, 0, 0, 0, 0, 0, 0, 0, 0, 0, 0, 0, 0, 0, 0, 0, 0, 0, 0, 0, 0, 0, 0, 0, 0, 0, 0, 0]","[0.4448128346, 0.07238643425, 0.5201615432, 0.8672376701, 0.6911644276, 2.375464466, 0.004191833399, 0.5082086933, 0.04308147806, -1.238953702, -0.3587917903, 1.404984608, 1.607359984, -0.5914261467, 1.070580033, 0.3608670871, -1.219462434, 0.7357254294, 0.4877269262, -0.7607423316, -0.498411014, -0.1661380101, -0.8985796194, 1.682551373, 1.381886996, -1.742598426, 0.4837904756, -0.06191479801, -0.483048762, -0.1444485228, 1.425936286, -0.6547541756, 0.1889156236, 1.116289571, 0.2164357767, 0.7138722699, -2.146586735, -1.4307291, 0.2612391928, 0.4715767553, 1.177740561, -0.2607869349, -1.0836812, -0.09804523928, -0.7736581617, 0.8377104467, -1.51770533, 0.7791866473, -1.151765193, 0.1150601595]",-360.3833903009479,5.90104164607559e-14,1,3,3,1,True,converged,quadratic_grid,50.0,100.0,"[0.4448128346, 0.07238643425, 0.5201615432, 0.8672376701, 0.6911644276, 2.375464466, 0.004191833399, 0.5082086933, 0.04308147806, -1.238953702, -0.3587917903, 1.404984608, 1.607359984, -0.5914261467, 1.070580033, 0.3608670871, -1.219462434, 0.7357254294, 0.4877269262, -0.7607423316, -0.498411014, -0.1661380101, -0.8985796194, 1.682551373, 1.381886996, -1.742598426, 0.4837904756, -0.06191479801, -0.483048762, -0.1444485228, 1.425936286, -0.6547541756, 0.1889156236, 1.116289571, 0.2164357767, 0.7138722699, -2.146586735, -1.4307291, 0.2612391928, 0.4715767553, 1.177740561, -0.2607869349, -1.0836812, -0.09804523928, -0.7736581617, 0.8377104467, -1.51770533, 0.7791866473, -1.151765193, 0.1150601595]",,0.0,,,,,,,,,
dogleg,quadratic_n50_k100,"[0, 0, 0, 0, 0, 0, 0, 0, 0, 0, 0, 0, 0, 0, 0, 0, 0, 0, 0, 0, 0, 0, 0, 0, 0, 0, 0, 0, 0, 0, 0, 0, 0, 0, 0, 0, 0, 0, 0, 0, 0, 0, 0, 0, 0, 0, 0, 0, 0, 0]","[0.4448128346, 0.07238643425, 0.5201615432, 0.8672376701, 0.6911644276, 2.375464466, 0.004191833399, 0.5082086933, 0.04308147806, -1.238953702, -0.3587917903, 1.404984608, 1.607359984, -0.5914261467, 1.070580033, 0.3608670871, -1.219462434, 0.7357254294, 0.4877269262, -0.7607423316, -0.498411014, -0.1661380101, -0.8985796194, 1.682551373, 1.381886996, -1.742598426, 0.4837904756, -0.06191479801, -0.483048762, -0.1444485228, 1.425936286, -0.6547541756, 0.1889156236, 1.116289571, 0.2164357767, 0.7138722699, -2.146586735, -1.4307291, 0.2612391928, 0.4715767553, 1.177740561, -0.2607869349, -1.0836812, -0.09804523928, -0.7736581617, 0.8377104467, -1.51770533, 0.7791866473, -1.151765193, 0.1150601595]",-360.38339030094784,4.8686032955693103e-14,4,9,5,4,True,converged,quadratic_grid,50.0,100.0,"[0.4448128346, 0.07238643425, 0.5201615432, 0.8672376701, 0.6911644276, 2.375464466, 0.004191833399, 0.5082086933, 0.04308147806, -1.238953702, -0.3587917903, 1.404984608, 1.607359984, -0.5914261467, 1.070580033, 0.3608670871, -1.219462434, 0.7357254294, 0.4877269262, -0.7607423316, -0.498411014, -0.1661380101, -0.8985796194, 1.682551373, 1.381886996, -1.742598426, 0.4837904756, -0.06191479801, -0.483048762, -0.1444485228, 1.425936286, -0.6547541756, 0.1889156236, 1.116289571, 0.2164357767, 0.7138722699, -2.146586735, -1.4307291, 0.2612391928, 0.4715767553, 1.177740561, -0.2607869349, -1.0836812, -0.09804523928, -0.7736581617, 0.8377104467, -1.51770533, 0.7791866473, -1.151765193, 0.1150601595]",,,4.0,8.0,,,,,,,
dfp,quadratic_n50_k100,"[0, 0, 0, 0, 0, 0, 0, 0, 0, 0, 0, 0, 0, 0, 0, 0, 0, 0, 0, 0, 0, 0, 0, 0, 0, 0, 0, 0, 0, 0, 0, 0, 0, 0, 0, 0, 0, 0, 0, 0, 0, 0, 0, 0, 0, 0, 0, 0, 0, 0]","[0.4448128347, 0.07238643416, 0.5201615435, 0.8672376701, 0.6911644278, 2.375464466, 0.004191833891, 0.508208693, 0.04308147833, -1.238953702, -0.3587917903, 1.404984609, 1.607359984, -0.5914261475, 1.070580033, 0.3608670871, -1.219462434, 0.7357254293, 0.4877269267, -0.7607423316, -0.4984110139, -0.1661380103, -0.8985796193, 1.682551373, 1.381886996, -1.742598425, 0.4837904759, -0.06191479789, -0.4830487619, -0.1444485227, 1.425936286, -0.6547541753, 0.1889156234, 1.116289572, 0.2164357764, 0.7138722697, -2.146586735, -1.4307291, 0.2612391929, 0.4715767552, 1.177740561, -0.2607869352, -1.083681199, -0.09804523916, -0.7736581621, 0.8377104468, -1.51770533, 0.7791866469, -1.151765193, 0.1150601596]",-360.3833903009479,4.344060997740855e-09,62,199,125,0,True,converged,quadratic_grid,50.0,100.0,"[0.4448128346, 0.07238643425, 0.5201615432, 0.8672376701, 0.6911644276, 2.375464466, 0.004191833399, 0.5082086933, 0.04308147806, -1.238953702, -0.3587917903, 1.404984608, 1.607359984, -0.5914261467, 1.070580033, 0.3608670871, -1.219462434, 0.7357254294, 0.4877269262, -0.7607423316, -0.498411014, -0.1661380101, -0.8985796194, 1.682551373, 1.381886996, -1.742598426, 0.4837904756, -0.06191479801, -0.483048762, -0.1444485228, 1.425936286, -0.6547541756, 0.1889156236, 1.116289571, 0.2164357767, 0.7138722699, -2.146586735, -1.4307291, 0.2612391928, 0.4715767553, 1.177740561, -0.2607869349, -1.0836812, -0.09804523928, -0.7736581617, 0.8377104467, -1.51770533, 0.7791866473, -1.151765193, 0.1150601595]",0.0,,,,6.0,,,,,,
bfgs,quadratic_n50_k100,"[0, 0, 0, 0, 0, 0, 0, 0, 0, 0, 0, 0, 0, 0, 0, 0, 0, 0, 0, 0, 0, 0, 0, 0, 0, 0, 0, 0, 0, 0, 0, 0, 0, 0, 0, 0, 0, 0, 0, 0, 0, 0, 0, 0, 0, 0, 0, 0, 0, 0]","[0.4448128346, 0.07238643421, 0.5201615419, 0.867237671, 0.6911644269, 2.375464467, 0.004191832893, 0.5082086924, 0.04308147784, -1.238953703, -0.3587917893, 1.404984609, 1.607359985, -0.5914261455, 1.070580031, 0.3608670865, -1.219462435, 0.7357254286, 0.4877269264, -0.7607423326, -0.4984110133, -0.16613801, -0.8985796201, 1.682551374, 1.381886995, -1.742598427, 0.483790476, -0.0619147978, -0.4830487634, -0.1444485229, 1.425936286, -0.6547541753, 0.1889156239, 1.116289572, 0.2164357774, 0.7138722703, -2.146586735, -1.4307291, 0.2612391933, 0.4715767559, 1.177740562, -0.2607869344, -1.083681199, -0.09804523981, -0.7736581614, 0.8377104463, -1.517705331, 0.7791866477, -1.151765192, 0.1150601603]",-360.38339030094807,1.7271627399326372e-08,3000,100018,6001,0,False,max_iter_reached,quadratic_grid,50.0,100.0,"[0.4448128346, 0.07238643425, 0.5201615432, 0.8672376701, 0.6911644276, 2.375464466, 0.004191833399, 0.5082086933, 0.04308147806, -1.238953702, -0.3587917903, 1.404984608, 1.607359984, -0.5914261467, 1.070580033, 0.3608670871, -1.219462434, 0.7357254294, 0.4877269262, -0.7607423316, -0.498411014, -0.1661380101, -0.8985796194, 1.682551373, 1.381886996, -1.742598426, 0.4837904756, -0.06191479801, -0.483048762, -0.1444485228, 1.425936286, -0.6547541756, 0.1889156236, 1.116289571, 0.2164357767, 0.7138722699, -2.146586735, -1.4307291, 0.2612391928, 0.4715767553, 1.177740561, -0.2607869349, -1.0836812, -0.09804523928, -0.7736581617, 0.8377104467, -1.51770533, 0.7791866473, -1.151765193, 0.1150601595]",0.0,,,,2944.0,,,,,,
lbfgs,quadratic_n50_k100,"[0, 0, 0, 0, 0, 0, 0, 0, 0, 0, 0, 0, 0, 0, 0, 0, 0, 0, 0, 0, 0, 0, 0, 0, 0, 0, 0, 0, 0, 0, 0, 0, 0, 0, 0, 0, 0, 0, 0, 0, 0, 0, 0, 0, 0, 0, 0, 0, 0, 0]","[0.4448130147, 0.07238624287, 0.5201614822, 0.8672377419, 0.6911646441, 2.375464275, 0.004191799877, 0.508208577, 0.0430814887, -1.238953509, -0.3587917953, 1.4049847, 1.607360111, -0.5914263955, 1.07057984, 0.3608669753, -1.219462665, 0.7357254035, 0.4877270329, -0.7607422961, -0.4984107153, -0.1661378628, -0.8985798853, 1.682551372, 1.381886962, -1.742598297, 0.48379003, -0.06191474744, -0.4830487535, -0.1444486675, 1.425936274, -0.6547540796, 0.1889156062, 1.116289622, 0.2164358671, 0.7138720751, -2.146586714, -1.430728943, 0.2612391602, 0.4715766302, 1.177740572, -0.260786949, -1.083680898, -0.09804517816, -0.7736581953, 0.8377104339, -1.517705345, 0.7791867242, -1.151765292, 0.1150600654]",-360.3833903009473,1.7460679164956853e-06,3000,247909,6099,0,False,max_iter_reached,quadratic_grid,50.0,100.0,"[0.4448128346, 0.07238643425, 0.5201615432, 0.8672376701, 0.6911644276, 2.375464466, 0.004191833399, 0.5082086933, 0.04308147806, -1.238953702, -0.3587917903, 1.404984608, 1.607359984, -0.5914261467, 1.070580033, 0.3608670871, -1.219462434, 0.7357254294, 0.4877269262, -0.7607423316, -0.498411014, -0.1661380101, -0.8985796194, 1.682551373, 1.381886996, -1.742598426, 0.4837904756, -0.06191479801, -0.483048762, -0.1444485228, 1.425936286, -0.6547541756, 0.1889156236, 1.116289571, 0.2164357767, 0.7138722699, -2.146586735, -1.4307291, 0.2612391928, 0.4715767553, 1.177740561, -0.2607869349, -1.0836812, -0.09804523928, -0.7736581617, 0.8377104467, -1.51770533, 0.7791866473, -1.151765193, 0.1150601595]",0.0,,,,2923.0,10.0,,,,,
scipy_newton_cg,quadratic_n50_k100,"[0, 0, 0, 0, 0, 0, 0, 0, 0, 0, 0, 0, 0, 0, 0, 0, 0, 0, 0, 0, 0, 0, 0, 0, 0, 0, 0, 0, 0, 0, 0, 0, 0, 0, 0, 0, 0, 0, 0, 0, 0, 0, 0, 0, 0, 0, 0, 0, 0, 0]","[0, 0, 0, 0, 0, 0, 0, 0, 0, 0, 0, 0, 0, 0, 0, 0, 0, 0, 0, 0, 0, 0, 0, 0, 0, 0, 0, 0, 0, 0, 0, 0, 0, 0, 0, 0, 0, 0, 0, 0, 0, 0, 0, 0, 0, 0, 0, 0, 0, 0]",0.0,170.9046471563538,0,1,1,0,False,scipy_not_installed,quadratic_grid,50.0,100.0,"[0.4448128346, 0.07238643425, 0.5201615432, 0.8672376701, 0.6911644276, 2.375464466, 0.004191833399, 0.5082086933, 0.04308147806, -1.238953702, -0.3587917903, 1.404984608, 1.607359984, -0.5914261467, 1.070580033, 0.3608670871, -1.219462434, 0.7357254294, 0.4877269262, -0.7607423316, -0.498411014, -0.1661380101, -0.8985796194, 1.682551373, 1.381886996, -1.742598426, 0.4837904756, -0.06191479801, -0.483048762, -0.1444485228, 1.425936286, -0.6547541756, 0.1889156236, 1.116289571, 0.2164357767, 0.7138722699, -2.146586735, -1.4307291, 0.2612391928, 0.4715767553, 1.177740561, -0.2607869349, -1.0836812, -0.09804523928, -0.7736581617, 0.8377104467, -1.51770533, 0.7791866473, -1.151765193, 0.1150601595]",,,,,,,not_installed,,,,
quadratic_cg,quadratic_n50_k1000,"[0, 0, 0, 0, 0, 0, 0, 0, 0, 0, 0, 0, 0, 0, 0, 0, 0, 0, 0, 0, 0, 0, 0, 0, 0, 0, 0, 0, 0, 0, 0, 0, 0, 0, 0, 0, 0, 0, 0, 0, 0, 0, 0, 0, 0, 0, 0, 0, 0, 0]","[-0.860240309, -0.2211394721, 0.8103939046, -1.01304806, 0.8811267522, 0.8323529022, 0.5240527305, 0.8059679701, 0.7204674215, 0.9744388291, 0.4783864252, -0.640967892, 0.5155674003, -0.2395772326, -0.0112416962, 0.841996943, -1.452109749, 1.249578625, -0.9603591685, 0.273093476, 0.5805815136, 0.0831573716, 0.7174429877, -1.206640216, -0.4821675552, 0.8870442621, -0.1369163931, 0.5055534157, -1.520482411, 0.3210110486, -0.3548158956, 0.3515996897, 0.180041507, -1.030988036, -0.3930632191, -2.925905761, -0.1563805369, 0.6900052162, -2.999453623, -0.5345027468, -0.02215122529, -1.653397723, -0.6818128185, -0.2672961348, 0.8516559771, -0.4845373481, 0.6265797355, -0.5791043028, 1.448077766, 0.1120545949]",-2061.774568384498,5.610782941040689e-09,121,1,122,0,True,converged,quadratic_grid,50.0,1000.0,"[-0.860240309, -0.2211394721, 0.8103939045, -1.01304806, 0.8811267522, 0.8323529022, 0.5240527305, 0.8059679701, 0.7204674215, 0.9744388292, 0.4783864252, -0.640967892, 0.5155674003, -0.2395772326, -0.0112416962, 0.841996943, -1.452109749, 1.249578625, -0.9603591685, 0.273093476, 0.5805815136, 0.08315737161, 0.7174429878, -1.206640216, -0.4821675552, 0.8870442621, -0.1369163931, 0.5055534157, -1.520482411, 0.3210110487, -0.3548158956, 0.3515996897, 0.180041507, -1.030988036, -0.3930632191, -2.925905761, -0.1563805369, 0.6900052161, -2.999453623, -0.5345027468, -0.02215122528, -1.653397723, -0.6818128185, -0.2672961348, 0.8516559771, -0.4845373481, 0.6265797356, -0.5791043029, 1.448077766, 0.1120545949]",,,,,,,,,,,
nonlinear_cg_fr,quadratic_n50_k1000,"[0, 0, 0, 0, 0, 0, 0, 0, 0, 0, 0, 0, 0, 0, 0, 0, 0, 0, 0, 0, 0, 0, 0, 0, 0, 0, 0, 0, 0, 0, 0, 0, 0, 0, 0, 0, 0, 0, 0, 0, 0, 0, 0, 0, 0, 0, 0, 0, 0, 0]","[-0.8602400951, -0.2211395537, 0.8103938012, -1.013048055, 0.8811268553, 0.8323527488, 0.5240529061, 0.8059680617, 0.7204674786, 0.974438831, 0.4783866902, -0.6409681365, 0.515567306, -0.2395768541, -0.0112417628, 0.8419969745, -1.452109783, 1.249578787, -0.9603591881, 0.2730937066, 0.5805816729, 0.08315747569, 0.7174429405, -1.206640119, -0.4821679047, 0.8870442754, -0.1369167805, 0.5055531693, -1.520482518, 0.3210112995, -0.3548158818, 0.3515995995, 0.1800417427, -1.030988114, -0.3930632302, -2.925905827, -0.1563801754, 0.690005306, -2.999453901, -0.5345029774, -0.02215139409, -1.653397416, -0.6818129129, -0.2672961098, 0.8516560295, -0.4845371597, 0.6265792795, -0.5791042661, 1.448078117, 0.1120545982]",-2061.774568384499,4.51560086972284e-06,3000,114067,3001,0,False,max_iter_reached,quadratic_grid,50.0,1000.0,"[-0.860240309, -0.2211394721, 0.8103939045, -1.01304806, 0.8811267522, 0.8323529022, 0.5240527305, 0.8059679701, 0.7204674215, 0.9744388292, 0.4783864252, -0.640967892, 0.5155674003, -0.2395772326, -0.0112416962, 0.841996943, -1.452109749, 1.249578625, -0.9603591685, 0.273093476, 0.5805815136, 0.08315737161, 0.7174429878, -1.206640216, -0.4821675552, 0.8870442621, -0.1369163931, 0.5055534157, -1.520482411, 0.3210110487, -0.3548158956, 0.3515996897, 0.180041507, -1.030988036, -0.3930632191, -2.925905761, -0.1563805369, 0.6900052161, -2.999453623, -0.5345027468, -0.02215122528, -1.653397723, -0.6818128185, -0.2672961348, 0.8516559771, -0.4845373481, 0.6265797356, -0.5791043029, 1.448077766, 0.1120545949]",6.0,,,,,,,,,,
nonlinear_cg_pr,quadratic_n50_k1000,"[0, 0, 0, 0, 0, 0, 0, 0, 0, 0, 0, 0, 0, 0, 0, 0, 0, 0, 0, 0, 0, 0, 0, 0, 0, 0, 0, 0, 0, 0, 0, 0, 0, 0, 0, 0, 0, 0, 0, 0, 0, 0, 0, 0, 0, 0, 0, 0, 0, 0]","[-0.8602402599, -0.2211394671, 0.810393954, -1.01304807, 0.8811267178, 0.8323529446, 0.524052676, 0.8059680196, 0.7204673806, 0.9744388848, 0.4783864309, -0.6409678817, 0.5155674171, -0.2395772221, -0.01124163618, 0.8419969027, -1.45210971, 1.249578612, -0.9603591918, 0.273093457, 0.5805815205, 0.08315737446, 0.7174430245, -1.206640201, -0.482167561, 0.887044268, -0.1369163936, 0.5055534308, -1.520482374, 0.3210110213, -0.354815868, 0.351599676, 0.1800414823, -1.03098805, -0.3930632803, -2.925905735, -0.1563805171, 0.690005228, -2.999453643, -0.5345027324, -0.0221512002, -1.653397736, -0.6818127775, -0.2672961514, 0.8516559628, -0.4845373509, 0.626579766, -0.5791042919, 1.448077746, 0.1120546164]",-2061.774568384499,1.2343052038637971e-05,3000,86380,3001,0,False,max_iter_reached,quadratic_grid,50.0,1000.0,"[-0.860240309, -0.2211394721, 0.8103939045, -1.01304806, 0.8811267522, 0.8323529022, 0.5240527305, 0.8059679701, 0.7204674215, 0.9744388292, 0.4783864252, -0.640967892, 0.5155674003, -0.2395772326, -0.0112416962, 0.841996943, -1.452109749, 1.249578625, -0.9603591685, 0.273093476, 0.5805815136, 0.08315737161, 0.7174429878, -1.206640216, -0.4821675552, 0.8870442621, -0.1369163931, 0.5055534157, -1.520482411, 0.3210110487, -0.3548158956, 0.3515996897, 0.180041507, -1.030988036, -0.3930632191, -2.925905761, -0.1563805369, 0.6900052161, -2.999453623, -0.5345027468, -0.02215122528, -1.653397723, -0.6818128185, -0.2672961348, 0.8516559771, -0.4845373481, 0.6265797356, -0.5791043029, 1.448077766, 0.1120545949]",1037.0,,,,,,,,,,
newton_cholesky,quadratic_n50_k1000,"[0, 0, 0, 0, 0, 0, 0, 0, 0, 0, 0, 0, 0, 0, 0, 0, 0, 0, 0, 0, 0, 0, 0, 0, 0, 0, 0, 0, 0, 0, 0, 0, 0, 0, 0, 0, 0, 0, 0, 0, 0, 0, 0, 0, 0, 0, 0, 0, 0, 0]","[-0.860240309, -0.2211394721, 0.8103939045, -1.01304806, 0.8811267522, 0.8323529022, 0.5240527305, 0.8059679701, 0.7204674215, 0.9744388292, 0.4783864252, -0.640967892, 0.5155674003, -0.2395772326, -0.0112416962, 0.841996943, -1.452109749, 1.249578625, -0.9603591685, 0.273093476, 0.5805815136, 0.08315737161, 0.7174429878, -1.206640216, -0.4821675552, 0.8870442621, -0.1369163931, 0.5055534157, -1.520482411, 0.3210110487, -0.3548158956, 0.3515996897, 0.180041507, -1.030988036, -0.3930632191, -2.925905761, -0.1563805369, 0.6900052161, -2.999453623, -0.5345027468, -0.02215122528, -1.653397723, -0.6818128185, -0.2672961348, 0.8516559771, -0.4845373481, 0.6265797356, -0.5791043029, 1.448077766, 0.1120545949]",-2061.7745683844983,4.378530439246164e-13,1,1,2,1,True,converged,quadratic_grid,50.0,1000.0,"[-0.860240309, -0.2211394721, 0.8103939045, -1.01304806, 0.8811267522, 0.8323529022, 0.5240527305, 0.8059679701, 0.7204674215, 0.9744388292, 0.4783864252, -0.640967892, 0.5155674003, -0.2395772326, -0.0112416962, 0.841996943, -1.452109749, 1.249578625, -0.9603591685, 0.273093476, 0.5805815136, 0.08315737161, 0.7174429878, -1.206640216, -0.4821675552, 0.8870442621, -0.1369163931, 0.5055534157, -1.520482411, 0.3210110487, -0.3548158956, 0.3515996897, 0.180041507, -1.030988036, -0.3930632191, -2.925905761, -0.1563805369, 0.6900052161, -2.999453623, -0.5345027468, -0.02215122528, -1.653397723, -0.6818128185, -0.2672961348, 0.8516559771, -0.4845373481, 0.6265797356, -0.5791043029, 1.448077766, 0.1120545949]",,,,,,,,,,,
newton_direction,quadratic_n50_k1000,"[0, 0, 0, 0, 0, 0, 0, 0, 0, 0, 0, 0, 0, 0, 0, 0, 0, 0, 0, 0, 0, 0, 0, 0, 0, 0, 0, 0, 0, 0, 0, 0, 0, 0, 0, 0, 0, 0, 0, 0, 0, 0, 0, 0, 0, 0, 0, 0, 0, 0]","[-0.860240309, -0.2211394721, 0.8103939045, -1.01304806, 0.8811267522, 0.8323529022, 0.5240527305, 0.8059679701, 0.7204674215, 0.9744388292, 0.4783864252, -0.640967892, 0.5155674003, -0.2395772326, -0.0112416962, 0.841996943, -1.452109749, 1.249578625, -0.9603591685, 0.273093476, 0.5805815136, 0.08315737161, 0.7174429878, -1.206640216, -0.4821675552, 0.8870442621, -0.1369163931, 0.5055534157, -1.520482411, 0.3210110487, -0.3548158956, 0.3515996897, 0.180041507, -1.030988036, -0.3930632191, -2.925905761, -0.1563805369, 0.6900052161, -2.999453623, -0.5345027468, -0.02215122528, -1.653397723, -0.6818128185, -0.2672961348, 0.8516559771, -0.4845373481, 0.6265797356, -0.5791043029, 1.448077766, 0.1120545949]",-2061.7745683844987,4.1671377868327185e-13,1,3,3,1,True,converged,quadratic_grid,50.0,1000.0,"[-0.860240309, -0.2211394721, 0.8103939045, -1.01304806, 0.8811267522, 0.8323529022, 0.5240527305, 0.8059679701, 0.7204674215, 0.9744388292, 0.4783864252, -0.640967892, 0.5155674003, -0.2395772326, -0.0112416962, 0.841996943, -1.452109749, 1.249578625, -0.9603591685, 0.273093476, 0.5805815136, 0.08315737161, 0.7174429878, -1.206640216, -0.4821675552, 0.8870442621, -0.1369163931, 0.5055534157, -1.520482411, 0.3210110487, -0.3548158956, 0.3515996897, 0.180041507, -1.030988036, -0.3930632191, -2.925905761, -0.1563805369, 0.6900052161, -2.999453623, -0.5345027468, -0.02215122528, -1.653397723, -0.6818128185, -0.2672961348, 0.8516559771, -0.4845373481, 0.6265797356, -0.5791043029, 1.448077766, 0.1120545949]",,0.0,,,,,,,,,
dogleg,quadratic_n50_k1000,"[0, 0, 0, 0, 0, 0, 0, 0, 0, 0, 0, 0, 0, 0, 0, 0, 0, 0, 0, 0, 0, 0, 0, 0, 0, 0, 0, 0, 0, 0, 0, 0, 0, 0, 0, 0, 0, 0, 0, 0, 0, 0, 0, 0, 0, 0, 0, 0, 0, 0]","[-0.860240309, -0.2211394721, 0.8103939045, -1.01304806, 0.8811267522, 0.8323529022, 0.5240527305, 0.8059679701, 0.7204674215, 0.9744388292, 0.4783864252, -0.640967892, 0.5155674003, -0.2395772326, -0.0112416962, 0.841996943, -1.452109749, 1.249578625, -0.9603591685, 0.273093476, 0.5805815136, 0.08315737161, 0.7174429878, -1.206640216, -0.4821675552, 0.8870442621, -0.1369163931, 0.5055534157, -1.520482411, 0.3210110487, -0.3548158956, 0.3515996897, 0.180041507, -1.030988036, -0.3930632191, -2.925905761, -0.1563805369, 0.6900052161, -2.999453623, -0.5345027468, -0.02215122528, -1.653397723, -0.6818128185, -0.2672961348, 0.8516559771, -0.4845373481, 0.6265797356, -0.5791043029, 1.448077766, 0.1120545949]",-2061.7745683844973,3.7117357655336725e-13,4,9,5,4,True,converged,quadratic_grid,50.0,1000.0,"[-0.860240309, -0.2211394721, 0.8103939045, -1.01304806, 0.8811267522, 0.8323529022, 0.5240527305, 0.8059679701, 0.7204674215, 0.9744388292, 0.4783864252, -0.640967892, 0.5155674003, -0.2395772326, -0.0112416962, 0.841996943, -1.452109749, 1.249578625, -0.9603591685, 0.273093476, 0.5805815136, 0.08315737161, 0.7174429878, -1.206640216, -0.4821675552, 0.8870442621, -0.1369163931, 0.5055534157, -1.520482411, 0.3210110487, -0.3548158956, 0.3515996897, 0.180041507, -1.030988036, -0.3930632191, -2.925905761, -0.1563805369, 0.6900052161, -2.999453623, -0.5345027468, -0.02215122528, -1.653397723, -0.6818128185, -0.2672961348, 0.8516559771, -0.4845373481, 0.6265797356, -0.5791043029, 1.448077766, 0.1120545949]",,,4.0,8.0,,,,,,,
dfp,quadratic_n50_k1000,"[0, 0, 0, 0, 0, 0, 0, 0, 0, 0, 0, 0, 0, 0, 0, 0, 0, 0, 0, 0, 0, 0, 0, 0, 0, 0, 0, 0, 0, 0, 0, 0, 0, 0, 0, 0, 0, 0, 0, 0, 0, 0, 0, 0, 0, 0, 0, 0, 0, 0]","[-0.8602403089, -0.2211394726, 0.8103939047, -1.01304806, 0.8811267519, 0.8323529024, 0.5240527304, 0.8059679696, 0.720467422, 0.9744388283, 0.4783864252, -0.640967892, 0.5155674001, -0.2395772324, -0.01124169644, 0.8419969433, -1.452109749, 1.249578624, -0.9603591693, 0.2730934764, 0.5805815133, 0.08315737153, 0.717442988, -1.206640216, -0.4821675557, 0.8870442615, -0.1369163925, 0.5055534159, -1.520482411, 0.3210110486, -0.3548158956, 0.3515996898, 0.1800415065, -1.030988036, -0.3930632196, -2.925905761, -0.1563805368, 0.6900052165, -2.999453623, -0.5345027464, -0.02215122498, -1.653397723, -0.6818128186, -0.2672961346, 0.8516559772, -0.4845373481, 0.6265797357, -0.5791043033, 1.448077767, 0.1120545952]",-2061.7745683844996,8.229875538649688e-09,211,4534,423,0,True,converged,quadratic_grid,50.0,1000.0,"[-0.860240309, -0.2211394721, 0.8103939045, -1.01304806, 0.8811267522, 0.8323529022, 0.5240527305, 0.8059679701, 0.7204674215, 0.9744388292, 0.4783864252, -0.640967892, 0.5155674003, -0.2395772326, -0.0112416962, 0.841996943, -1.452109749, 1.249578625, -0.9603591685, 0.273093476, 0.5805815136, 0.08315737161, 0.7174429878, -1.206640216, -0.4821675552, 0.8870442621, -0.1369163931, 0.5055534157, -1.520482411, 0.3210110487, -0.3548158956, 0.3515996897, 0.180041507, -1.030988036, -0.3930632191, -2.925905761, -0.1563805369, 0.6900052161, -2.999453623, -0.5345027468, -0.02215122528, -1.653397723, -0.6818128185, -0.2672961348, 0.8516559771, -0.4845373481, 0.6265797356, -0.5791043029, 1.448077766, 0.1120545949]",0.0,,,,156.0,,,,,,
bfgs,quadratic_n50_k1000,"[0, 0, 0, 0, 0, 0, 0, 0, 0, 0, 0, 0, 0, 0, 0, 0, 0, 0, 0, 0, 0, 0, 0, 0, 0, 0, 0, 0, 0, 0, 0, 0, 0, 0, 0, 0, 0, 0, 0, 0, 0, 0, 0, 0, 0, 0, 0, 0, 0, 0]","[-0.8602403091, -0.2211394719, 0.8103939045, -1.013048061, 0.8811267525, 0.8323529021, 0.5240527306, 0.8059679706, 0.7204674212, 0.9744388298, 0.4783864254, -0.6409678919, 0.5155674005, -0.239577233, -0.01124169611, 0.8419969428, -1.452109749, 1.249578625, -0.960359168, 0.2730934759, 0.5805815138, 0.08315737172, 0.7174429877, -1.206640216, -0.482167555, 0.8870442624, -0.1369163935, 0.5055534156, -1.520482411, 0.3210110487, -0.3548158955, 0.3515996897, 0.1800415074, -1.030988036, -0.3930632188, -2.925905761, -0.1563805371, 0.690005216, -2.999453623, -0.5345027469, -0.02215122539, -1.653397722, -0.6818128185, -0.267296135, 0.8516559771, -0.4845373482, 0.6265797354, -0.5791043026, 1.448077766, 0.1120545946]",-2061.774568384499,7.857238984008801e-09,86,954,173,0,True,converged,quadratic_grid,50.0,1000.0,"[-0.860240309, -0.2211394721, 0.8103939045, -1.01304806, 0.8811267522, 0.8323529022, 0.5240527305, 0.8059679701, 0.7204674215, 0.9744388292, 0.4783864252, -0.640967892, 0.5155674003, -0.2395772326, -0.0112416962, 0.841996943, -1.452109749, 1.249578625, -0.9603591685, 0.273093476, 0.5805815136, 0.08315737161, 0.7174429878, -1.206640216, -0.4821675552, 0.8870442621, -0.1369163931, 0.5055534157, -1.520482411, 0.3210110487, -0.3548158956, 0.3515996897, 0.180041507, -1.030988036, -0.3930632191, -2.925905761, -0.1563805369, 0.6900052161, -2.999453623, -0.5345027468, -0.02215122528, -1.653397723, -0.6818128185, -0.2672961348, 0.8516559771, -0.4845373481, 0.6265797356, -0.5791043029, 1.448077766, 0.1120545949]",0.0,,,,26.0,,,,,,
lbfgs,quadratic_n50_k1000,"[0, 0, 0, 0, 0, 0, 0, 0, 0, 0, 0, 0, 0, 0, 0, 0, 0, 0, 0, 0, 0, 0, 0, 0, 0, 0, 0, 0, 0, 0, 0, 0, 0, 0, 0, 0, 0, 0, 0, 0, 0, 0, 0, 0, 0, 0, 0, 0, 0, 0]","[-0.8602398147, -0.2211397131, 0.8103938028, -1.013048242, 0.8811259188, 0.8323527336, 0.5240523861, 0.8059676009, 0.720468405, 0.9744389796, 0.4783866671, -0.6409688233, 0.5155678383, -0.2395770836, -0.01124145916, 0.8419967107, -1.452110993, 1.249578763, -0.9603599269, 0.2730937511, 0.5805817224, 0.08315665736, 0.7174432186, -1.206640491, -0.4821679286, 0.8870432663, -0.1369160091, 0.5055534565, -1.520482385, 0.3210115348, -0.3548159183, 0.3515997643, 0.1800424403, -1.030987441, -0.3930631472, -2.925906017, -0.156379046, 0.6900054611, -2.999453977, -0.534502521, -0.02215032486, -1.653397922, -0.681813092, -0.267295869, 0.8516559977, -0.4845373206, 0.626579857, -0.5791050732, 1.448077745, 0.1120545261]",-2061.7745683844887,1.0261285012155011e-05,3000,231929,6277,0,False,max_iter_reached,quadratic_grid,50.0,1000.0,"[-0.860240309, -0.2211394721, 0.8103939045, -1.01304806, 0.8811267522, 0.8323529022, 0.5240527305, 0.8059679701, 0.7204674215, 0.9744388292, 0.4783864252, -0.640967892, 0.5155674003, -0.2395772326, -0.0112416962, 0.841996943, -1.452109749, 1.249578625, -0.9603591685, 0.273093476, 0.5805815136, 0.08315737161, 0.7174429878, -1.206640216, -0.4821675552, 0.8870442621, -0.1369163931, 0.5055534157, -1.520482411, 0.3210110487, -0.3548158956, 0.3515996897, 0.180041507, -1.030988036, -0.3930632191, -2.925905761, -0.1563805369, 0.6900052161, -2.999453623, -0.5345027468, -0.02215122528, -1.653397723, -0.6818128185, -0.2672961348, 0.8516559771, -0.4845373481, 0.6265797356, -0.5791043029, 1.448077766, 0.1120545949]",0.0,,,,2775.0,10.0,,,,,
scipy_newton_cg,quadratic_n50_k1000,"[0, 0, 0, 0, 0, 0, 0, 0, 0, 0, 0, 0, 0, 0, 0, 0, 0, 0, 0, 0, 0, 0, 0, 0, 0, 0, 0, 0, 0, 0, 0, 0, 0, 0, 0, 0, 0, 0, 0, 0, 0, 0, 0, 0, 0, 0, 0, 0, 0, 0]","[0, 0, 0, 0, 0, 0, 0, 0, 0, 0, 0, 0, 0, 0, 0, 0, 0, 0, 0, 0, 0, 0, 0, 0, 0, 0, 0, 0, 0, 0, 0, 0, 0, 0, 0, 0, 0, 0, 0, 0, 0, 0, 0, 0, 0, 0, 0, 0, 0, 0]",0.0,1281.937657579447,0,1,1,0,False,scipy_not_installed,quadratic_grid,50.0,1000.0,"[-0.860240309, -0.2211394721, 0.8103939045, -1.01304806, 0.8811267522, 0.8323529022, 0.5240527305, 0.8059679701, 0.7204674215, 0.9744388292, 0.4783864252, -0.640967892, 0.5155674003, -0.2395772326, -0.0112416962, 0.841996943, -1.452109749, 1.249578625, -0.9603591685, 0.273093476, 0.5805815136, 0.08315737161, 0.7174429878, -1.206640216, -0.4821675552, 0.8870442621, -0.1369163931, 0.5055534157, -1.520482411, 0.3210110487, -0.3548158956, 0.3515996897, 0.180041507, -1.030988036, -0.3930632191, -2.925905761, -0.1563805369, 0.6900052161, -2.999453623, -0.5345027468, -0.02215122528, -1.653397723, -0.6818128185, -0.2672961348, 0.8516559771, -0.4845373481, 0.6265797356, -0.5791043029, 1.448077766, 0.1120545949]",,,,,,,not_installed,,,,
quadratic_cg,quadratic_n100_k1,"[0, 0, 0, 0, 0, 0, 0, 0, 0, 0, 0, 0, 0, 0, 0, 0, 0, 0, 0, 0, 0, 0, 0, 0, 0, 0, 0, 0, 0, 0, 0, 0, 0, 0, 0, 0, 0, 0, 0, 0, 0, 0, 0, 0, 0, 0, 0, 0, 0, 0, 0, 0, 0, 0, 0, 0, 0, 0, 0, 0, 0, 0, 0, 0, 0, 0, 0, 0, 0, 0, 0, 0, 0, 0, 0, 0, 0, 0, 0, 0, 0, 0, 0, 0, 0, 0, 0, 0, 0, 0, 0, 0, 0, 0, 0, 0, 0, 0, 0, 0]","[0.03034955091, -0.063861434, 0.9035671271, 0.1996410242, -1.617798166, 0.3446082581, -0.7625441981, 0.1032430135, 0.2806599191, -2.040381131, -0.3757395722, -0.3754698951, -0.3271956113, 2.486767492, 1.108280484, -0.3701720749, -1.316352414, -0.4253529772, -1.011059534, -0.1596021016, -0.3614681639, 0.01308625049, 0.6155836638, 0.09957104338, -0.499993602, -0.005000786473, -1.606437679, 1.262309781, -0.9469606535, -2.582040695, -0.6915824132, 2.247221589, -0.3111081087, 0.1262109415, -0.2383800723, -0.631343841, 1.392590881, 1.883161891, -1.067371205, 0.04568403534, 0.2886880027, 0.5124553037, 0.827905506, -0.5833209386, 0.815551742, 0.6776726683, 0.612142571, 0.2396438263, -1.008457816, 1.322650753, 0.9313285663, -1.288977916, 0.1188384103, -0.3915031114, -0.8912239516, -0.1315317355, 0.005470331876, 1.576120134, 1.659815064, -0.3086572822, -0.2806811287, 0.7050529627, 0.5057695118, -1.076362956, 1.864079942, -0.8318011266, -0.3911603492, 1.198929797, 0.7372346342, 0.2208015819, 0.514822908, 1.36819629, -0.4139269661, 1.801404744, -2.189579479, -1.625733254, -0.07245907511, -0.7806785387, -1.523323811, -1.759258278, 0.629237933, -0.2977386024, -0.2029071717, 0.9498363797, 0.05005806544, -0.2190544418, 0.5773242537, -0.2096141342, -1.28050776, 1.465840257, -0.3893072978, -0.4454683788, 0.3981929969, -0.8030371096, 0.9227784129, -0.378609259, 0.06677746755, 0.9115353383, 0.3164198006, 0.1695750522]",-47.60804895577616,7.836280751002862e-15,1,1,2,0,True,converged,quadratic_grid,100.0,1.0,"[0.03034955091, -0.063861434, 0.9035671271, 0.1996410242, -1.617798166, 0.3446082581, -0.7625441981, 0.1032430135, 0.2806599191, -2.040381131, -0.3757395722, -0.3754698951, -0.3271956113, 2.486767492, 1.108280484, -0.3701720749, -1.316352414, -0.4253529772, -1.011059534, -0.1596021016, -0.3614681639, 0.01308625049, 0.6155836638, 0.09957104338, -0.499993602, -0.005000786473, -1.606437679, 1.262309781, -0.9469606535, -2.582040695, -0.6915824132, 2.247221589, -0.3111081087, 0.1262109415, -0.2383800723, -0.631343841, 1.392590881, 1.883161891, -1.067371205, 0.04568403534, 0.2886880027, 0.5124553037, 0.827905506, -0.5833209386, 0.815551742, 0.6776726683, 0.612142571, 0.2396438263, -1.008457816, 1.322650753, 0.9313285663, -1.288977916, 0.1188384103, -0.3915031114, -0.8912239516, -0.1315317355, 0.005470331876, 1.576120134, 1.659815064, -0.3086572822, -0.2806811287, 0.7050529627, 0.5057695118, -1.076362956, 1.864079942, -0.8318011266, -0.3911603492, 1.198929797, 0.7372346342, 0.2208015819, 0.514822908, 1.36819629, -0.4139269661, 1.801404744, -2.189579479, -1.625733254, -0.07245907511, -0.7806785387, -1.523323811, -1.759258278, 0.629237933, -0.2977386024, -0.2029071717, 0.9498363797, 0.05005806544, -0.2190544418, 0.5773242537, -0.2096141342, -1.28050776, 1.465840257, -0.3893072978, -0.4454683788, 0.3981929969, -0.8030371096, 0.9227784129, -0.378609259, 0.06677746755, 0.9115353383, 0.3164198006, 0.1695750522]",,,,,,,,,,,
nonlinear_cg_fr,quadratic_n100_k1,"[0, 0, 0, 0, 0, 0, 0, 0, 0, 0, 0, 0, 0, 0, 0, 0, 0, 0, 0, 0, 0, 0, 0, 0, 0, 0, 0, 0, 0, 0, 0, 0, 0, 0, 0, 0, 0, 0, 0, 0, 0, 0, 0, 0, 0, 0, 0, 0, 0, 0, 0, 0, 0, 0, 0, 0, 0, 0, 0, 0, 0, 0, 0, 0, 0, 0, 0, 0, 0, 0, 0, 0, 0, 0, 0, 0, 0, 0, 0, 0, 0, 0, 0, 0, 0, 0, 0, 0, 0, 0, 0, 0, 0, 0, 0, 0, 0, 0, 0, 0]","[0.03034955091, -0.063861434, 0.9035671271, 0.1996410242, -1.617798166, 0.3446082581, -0.7625441981, 0.1032430135, 0.2806599191, -2.040381131, -0.3757395722, -0.3754698951, -0.3271956113, 2.486767492, 1.108280484, -0.3701720749, -1.316352414, -0.4253529772, -1.011059534, -0.1596021016, -0.3614681639, 0.01308625049, 0.6155836638, 0.09957104338, -0.499993602, -0.005000786473, -1.606437679, 1.262309781, -0.9469606535, -2.582040695, -0.6915824132, 2.247221589, -0.3111081087, 0.1262109415, -0.2383800723, -0.631343841, 1.392590881, 1.883161891, -1.067371205, 0.04568403534, 0.2886880027, 0.5124553037, 0.827905506, -0.5833209386, 0.815551742, 0.6776726683, 0.612142571, 0.2396438263, -1.008457816, 1.322650753, 0.9313285663, -1.288977916, 0.1188384103, -0.3915031114, -0.8912239516, -0.1315317355, 0.005470331876, 1.576120134, 1.659815064, -0.3086572822, -0.2806811287, 0.7050529627, 0.5057695118, -1.076362956, 1.864079942, -0.8318011266, -0.3911603492, 1.198929797, 0.7372346342, 0.2208015819, 0.514822908, 1.36819629, -0.4139269661, 1.801404744, -2.189579479, -1.625733254, -0.07245907511, -0.7806785387, -1.523323811, -1.759258278, 0.629237933, -0.2977386024, -0.2029071717, 0.9498363797, 0.05005806544, -0.2190544418, 0.5773242537, -0.2096141342, -1.28050776, 1.465840257, -0.3893072978, -0.4454683788, 0.3981929969, -0.8030371096, 0.9227784129, -0.378609259, 0.06677746755, 0.9115353383, 0.3164198006, 0.1695750522]",-47.60804895577616,7.589286787211285e-15,1,3,2,0,True,converged,quadratic_grid,100.0,1.0,"[0.03034955091, -0.063861434, 0.9035671271, 0.1996410242, -1.617798166, 0.3446082581, -0.7625441981, 0.1032430135, 0.2806599191, -2.040381131, -0.3757395722, -0.3754698951, -0.3271956113, 2.486767492, 1.108280484, -0.3701720749, -1.316352414, -0.4253529772, -1.011059534, -0.1596021016, -0.3614681639, 0.01308625049, 0.6155836638, 0.09957104338, -0.499993602, -0.005000786473, -1.606437679, 1.262309781, -0.9469606535, -2.582040695, -0.6915824132, 2.247221589, -0.3111081087, 0.1262109415, -0.2383800723, -0.631343841, 1.392590881, 1.883161891, -1.067371205, 0.04568403534, 0.2886880027, 0.5124553037, 0.827905506, -0.5833209386, 0.815551742, 0.6776726683, 0.612142571, 0.2396438263, -1.008457816, 1.322650753, 0.9313285663, -1.288977916, 0.1188384103, -0.3915031114, -0.8912239516, -0.1315317355, 0.005470331876, 1.576120134, 1.659815064, -0.3086572822, -0.2806811287, 0.7050529627, 0.5057695118, -1.076362956, 1.864079942, -0.8318011266, -0.3911603492, 1.198929797, 0.7372346342, 0.2208015819, 0.514822908, 1.36819629, -0.4139269661, 1.801404744, -2.189579479, -1.625733254, -0.07245907511, -0.7806785387, -1.523323811, -1.759258278, 0.629237933, -0.2977386024, -0.2029071717, 0.9498363797, 0.05005806544, -0.2190544418, 0.5773242537, -0.2096141342, -1.28050776, 1.465840257, -0.3893072978, -0.4454683788, 0.3981929969, -0.8030371096, 0.9227784129, -0.378609259, 0.06677746755, 0.9115353383, 0.3164198006, 0.1695750522]",0.0,,,,,,,,,,
nonlinear_cg_pr,quadratic_n100_k1,"[0, 0, 0, 0, 0, 0, 0, 0, 0, 0, 0, 0, 0, 0, 0, 0, 0, 0, 0, 0, 0, 0, 0, 0, 0, 0, 0, 0, 0, 0, 0, 0, 0, 0, 0, 0, 0, 0, 0, 0, 0, 0, 0, 0, 0, 0, 0, 0, 0, 0, 0, 0, 0, 0, 0, 0, 0, 0, 0, 0, 0, 0, 0, 0, 0, 0, 0, 0, 0, 0, 0, 0, 0, 0, 0, 0, 0, 0, 0, 0, 0, 0, 0, 0, 0, 0, 0, 0, 0, 0, 0, 0, 0, 0, 0, 0, 0, 0, 0, 0]","[0.03034955091, -0.063861434, 0.9035671271, 0.1996410242, -1.617798166, 0.3446082581, -0.7625441981, 0.1032430135, 0.2806599191, -2.040381131, -0.3757395722, -0.3754698951, -0.3271956113, 2.486767492, 1.108280484, -0.3701720749, -1.316352414, -0.4253529772, -1.011059534, -0.1596021016, -0.3614681639, 0.01308625049, 0.6155836638, 0.09957104338, -0.499993602, -0.005000786473, -1.606437679, 1.262309781, -0.9469606535, -2.582040695, -0.6915824132, 2.247221589, -0.3111081087, 0.1262109415, -0.2383800723, -0.631343841, 1.392590881, 1.883161891, -1.067371205, 0.04568403534, 0.2886880027, 0.5124553037, 0.827905506, -0.5833209386, 0.815551742, 0.6776726683, 0.612142571, 0.2396438263, -1.008457816, 1.322650753, 0.9313285663, -1.288977916, 0.1188384103, -0.3915031114, -0.8912239516, -0.1315317355, 0.005470331876, 1.576120134, 1.659815064, -0.3086572822, -0.2806811287, 0.7050529627, 0.5057695118, -1.076362956, 1.864079942, -0.8318011266, -0.3911603492, 1.198929797, 0.7372346342, 0.2208015819, 0.514822908, 1.36819629, -0.4139269661, 1.801404744, -2.189579479, -1.625733254, -0.07245907511, -0.7806785387, -1.523323811, -1.759258278, 0.629237933, -0.2977386024, -0.2029071717, 0.9498363797, 0.05005806544, -0.2190544418, 0.5773242537, -0.2096141342, -1.28050776, 1.465840257, -0.3893072978, -0.4454683788, 0.3981929969, -0.8030371096, 0.9227784129, -0.378609259, 0.06677746755, 0.9115353383, 0.3164198006, 0.1695750522]",-47.60804895577616,7.589286787211285e-15,1,3,2,0,True,converged,quadratic_grid,100.0,1.0,"[0.03034955091, -0.063861434, 0.9035671271, 0.1996410242, -1.617798166, 0.3446082581, -0.7625441981, 0.1032430135, 0.2806599191, -2.040381131, -0.3757395722, -0.3754698951, -0.3271956113, 2.486767492, 1.108280484, -0.3701720749, -1.316352414, -0.4253529772, -1.011059534, -0.1596021016, -0.3614681639, 0.01308625049, 0.6155836638, 0.09957104338, -0.499993602, -0.005000786473, -1.606437679, 1.262309781, -0.9469606535, -2.582040695, -0.6915824132, 2.247221589, -0.3111081087, 0.1262109415, -0.2383800723, -0.631343841, 1.392590881, 1.883161891, -1.067371205, 0.04568403534, 0.2886880027, 0.5124553037, 0.827905506, -0.5833209386, 0.815551742, 0.6776726683, 0.612142571, 0.2396438263, -1.008457816, 1.322650753, 0.9313285663, -1.288977916, 0.1188384103, -0.3915031114, -0.8912239516, -0.1315317355, 0.005470331876, 1.576120134, 1.659815064, -0.3086572822, -0.2806811287, 0.7050529627, 0.5057695118, -1.076362956, 1.864079942, -0.8318011266, -0.3911603492, 1.198929797, 0.7372346342, 0.2208015819, 0.514822908, 1.36819629, -0.4139269661, 1.801404744, -2.189579479, -1.625733254, -0.07245907511, -0.7806785387, -1.523323811, -1.759258278, 0.629237933, -0.2977386024, -0.2029071717, 0.9498363797, 0.05005806544, -0.2190544418, 0.5773242537, -0.2096141342, -1.28050776, 1.465840257, -0.3893072978, -0.4454683788, 0.3981929969, -0.8030371096, 0.9227784129, -0.378609259, 0.06677746755, 0.9115353383, 0.3164198006, 0.1695750522]",0.0,,,,,,,,,,
newton_cholesky,quadratic_n100_k1,"[0, 0, 0, 0, 0, 0, 0, 0, 0, 0, 0, 0, 0, 0, 0, 0, 0, 0, 0, 0, 0, 0, 0, 0, 0, 0, 0, 0, 0, 0, 0, 0, 0, 0, 0, 0, 0, 0, 0, 0, 0, 0, 0, 0, 0, 0, 0, 0, 0, 0, 0, 0, 0, 0, 0, 0, 0, 0, 0, 0, 0, 0, 0, 0, 0, 0, 0, 0, 0, 0, 0, 0, 0, 0, 0, 0, 0, 0, 0, 0, 0, 0, 0, 0, 0, 0, 0, 0, 0, 0, 0, 0, 0, 0, 0, 0, 0, 0, 0, 0]","[0.03034955091, -0.063861434, 0.9035671271, 0.1996410242, -1.617798166, 0.3446082581, -0.7625441981, 0.1032430135, 0.2806599191, -2.040381131, -0.3757395722, -0.3754698951, -0.3271956113, 2.486767492, 1.108280484, -0.3701720749, -1.316352414, -0.4253529772, -1.011059534, -0.1596021016, -0.3614681639, 0.01308625049, 0.6155836638, 0.09957104338, -0.499993602, -0.005000786473, -1.606437679, 1.262309781, -0.9469606535, -2.582040695, -0.6915824132, 2.247221589, -0.3111081087, 0.1262109415, -0.2383800723, -0.631343841, 1.392590881, 1.883161891, -1.067371205, 0.04568403534, 0.2886880027, 0.5124553037, 0.827905506, -0.5833209386, 0.815551742, 0.6776726683, 0.612142571, 0.2396438263, -1.008457816, 1.322650753, 0.9313285663, -1.288977916, 0.1188384103, -0.3915031114, -0.8912239516, -0.1315317355, 0.005470331876, 1.576120134, 1.659815064, -0.3086572822, -0.2806811287, 0.7050529627, 0.5057695118, -1.076362956, 1.864079942, -0.8318011266, -0.3911603492, 1.198929797, 0.7372346342, 0.2208015819, 0.514822908, 1.36819629, -0.4139269661, 1.801404744, -2.189579479, -1.625733254, -0.07245907511, -0.7806785387, -1.523323811, -1.759258278, 0.629237933, -0.2977386024, -0.2029071717, 0.9498363797, 0.05005806544, -0.2190544418, 0.5773242537, -0.2096141342, -1.28050776, 1.465840257, -0.3893072978, -0.4454683788, 0.3981929969, -0.8030371096, 0.9227784129, -0.378609259, 0.06677746755, 0.9115353383, 0.3164198006, 0.1695750522]",-47.60804895577616,2.9378257816043867e-15,1,1,2,1,True,converged,quadratic_grid,100.0,1.0,"[0.03034955091, -0.063861434, 0.9035671271, 0.1996410242, -1.617798166, 0.3446082581, -0.7625441981, 0.1032430135, 0.2806599191, -2.040381131, -0.3757395722, -0.3754698951, -0.3271956113, 2.486767492, 1.108280484, -0.3701720749, -1.316352414, -0.4253529772, -1.011059534, -0.1596021016, -0.3614681639, 0.01308625049, 0.6155836638, 0.09957104338, -0.499993602, -0.005000786473, -1.606437679, 1.262309781, -0.9469606535, -2.582040695, -0.6915824132, 2.247221589, -0.3111081087, 0.1262109415, -0.2383800723, -0.631343841, 1.392590881, 1.883161891, -1.067371205, 0.04568403534, 0.2886880027, 0.5124553037, 0.827905506, -0.5833209386, 0.815551742, 0.6776726683, 0.612142571, 0.2396438263, -1.008457816, 1.322650753, 0.9313285663, -1.288977916, 0.1188384103, -0.3915031114, -0.8912239516, -0.1315317355, 0.005470331876, 1.576120134, 1.659815064, -0.3086572822, -0.2806811287, 0.7050529627, 0.5057695118, -1.076362956, 1.864079942, -0.8318011266, -0.3911603492, 1.198929797, 0.7372346342, 0.2208015819, 0.514822908, 1.36819629, -0.4139269661, 1.801404744, -2.189579479, -1.625733254, -0.07245907511, -0.7806785387, -1.523323811, -1.759258278, 0.629237933, -0.2977386024, -0.2029071717, 0.9498363797, 0.05005806544, -0.2190544418, 0.5773242537, -0.2096141342, -1.28050776, 1.465840257, -0.3893072978, -0.4454683788, 0.3981929969, -0.8030371096, 0.9227784129, -0.378609259, 0.06677746755, 0.9115353383, 0.3164198006, 0.1695750522]",,,,,,,,,,,
newton_direction,quadratic_n100_k1,"[0, 0, 0, 0, 0, 0, 0, 0, 0, 0, 0, 0, 0, 0, 0, 0, 0, 0, 0, 0, 0, 0, 0, 0, 0, 0, 0, 0, 0, 0, 0, 0, 0, 0, 0, 0, 0, 0, 0, 0, 0, 0, 0, 0, 0, 0, 0, 0, 0, 0, 0, 0, 0, 0, 0, 0, 0, 0, 0, 0, 0, 0, 0, 0, 0, 0, 0, 0, 0, 0, 0, 0, 0, 0, 0, 0, 0, 0, 0, 0, 0, 0, 0, 0, 0, 0, 0, 0, 0, 0, 0, 0, 0, 0, 0, 0, 0, 0, 0, 0]","[0.03034955091, -0.063861434, 0.9035671271, 0.1996410242, -1.617798166, 0.3446082581, -0.7625441981, 0.1032430135, 0.2806599191, -2.040381131, -0.3757395722, -0.3754698951, -0.3271956113, 2.486767492, 1.108280484, -0.3701720749, -1.316352414, -0.4253529772, -1.011059534, -0.1596021016, -0.3614681639, 0.01308625049, 0.6155836638, 0.09957104338, -0.499993602, -0.005000786473, -1.606437679, 1.262309781, -0.9469606535, -2.582040695, -0.6915824132, 2.247221589, -0.3111081087, 0.1262109415, -0.2383800723, -0.631343841, 1.392590881, 1.883161891, -1.067371205, 0.04568403534, 0.2886880027, 0.5124553037, 0.827905506, -0.5833209386, 0.815551742, 0.6776726683, 0.612142571, 0.2396438263, -1.008457816, 1.322650753, 0.9313285663, -1.288977916, 0.1188384103, -0.3915031114, -0.8912239516, -0.1315317355, 0.005470331876, 1.576120134, 1.659815064, -0.3086572822, -0.2806811287, 0.7050529627, 0.5057695118, -1.076362956, 1.864079942, -0.8318011266, -0.3911603492, 1.198929797, 0.7372346342, 0.2208015819, 0.514822908, 1.36819629, -0.4139269661, 1.801404744, -2.189579479, -1.625733254, -0.07245907511, -0.7806785387, -1.523323811, -1.759258278, 0.629237933, -0.2977386024, -0.2029071717, 0.9498363797, 0.05005806544, -0.2190544418, 0.5773242537, -0.2096141342, -1.28050776, 1.465840257, -0.3893072978, -0.4454683788, 0.3981929969, -0.8030371096, 0.9227784129, -0.378609259, 0.06677746755, 0.9115353383, 0.3164198006, 0.1695750522]",-47.60804895577617,2.408401793195204e-15,1,3,3,1,True,converged,quadratic_grid,100.0,1.0,"[0.03034955091, -0.063861434, 0.9035671271, 0.1996410242, -1.617798166, 0.3446082581, -0.7625441981, 0.1032430135, 0.2806599191, -2.040381131, -0.3757395722, -0.3754698951, -0.3271956113, 2.486767492, 1.108280484, -0.3701720749, -1.316352414, -0.4253529772, -1.011059534, -0.1596021016, -0.3614681639, 0.01308625049, 0.6155836638, 0.09957104338, -0.499993602, -0.005000786473, -1.606437679, 1.262309781, -0.9469606535, -2.582040695, -0.6915824132, 2.247221589, -0.3111081087, 0.1262109415, -0.2383800723, -0.631343841, 1.392590881, 1.883161891, -1.067371205, 0.04568403534, 0.2886880027, 0.5124553037, 0.827905506, -0.5833209386, 0.815551742, 0.6776726683, 0.612142571, 0.2396438263, -1.008457816, 1.322650753, 0.9313285663, -1.288977916, 0.1188384103, -0.3915031114, -0.8912239516, -0.1315317355, 0.005470331876, 1.576120134, 1.659815064, -0.3086572822, -0.2806811287, 0.7050529627, 0.5057695118, -1.076362956, 1.864079942, -0.8318011266, -0.3911603492, 1.198929797, 0.7372346342, 0.2208015819, 0.514822908, 1.36819629, -0.4139269661, 1.801404744, -2.189579479, -1.625733254, -0.07245907511, -0.7806785387, -1.523323811, -1.759258278, 0.629237933, -0.2977386024, -0.2029071717, 0.9498363797, 0.05005806544, -0.2190544418, 0.5773242537, -0.2096141342, -1.28050776, 1.465840257, -0.3893072978, -0.4454683788, 0.3981929969, -0.8030371096, 0.9227784129, -0.378609259, 0.06677746755, 0.9115353383, 0.3164198006, 0.1695750522]",,0.0,,,,,,,,,
dogleg,quadratic_n100_k1,"[0, 0, 0, 0, 0, 0, 0, 0, 0, 0, 0, 0, 0, 0, 0, 0, 0, 0, 0, 0, 0, 0, 0, 0, 0, 0, 0, 0, 0, 0, 0, 0, 0, 0, 0, 0, 0, 0, 0, 0, 0, 0, 0, 0, 0, 0, 0, 0, 0, 0, 0, 0, 0, 0, 0, 0, 0, 0, 0, 0, 0, 0, 0, 0, 0, 0, 0, 0, 0, 0, 0, 0, 0, 0, 0, 0, 0, 0, 0, 0, 0, 0, 0, 0, 0, 0, 0, 0, 0, 0, 0, 0, 0, 0, 0, 0, 0, 0, 0, 0]","[0.03034955091, -0.063861434, 0.9035671271, 0.1996410242, -1.617798166, 0.3446082581, -0.7625441981, 0.1032430135, 0.2806599191, -2.040381131, -0.3757395722, -0.3754698951, -0.3271956113, 2.486767492, 1.108280484, -0.3701720749, -1.316352414, -0.4253529772, -1.011059534, -0.1596021016, -0.3614681639, 0.01308625049, 0.6155836638, 0.09957104338, -0.499993602, -0.005000786473, -1.606437679, 1.262309781, -0.9469606535, -2.582040695, -0.6915824132, 2.247221589, -0.3111081087, 0.1262109415, -0.2383800723, -0.631343841, 1.392590881, 1.883161891, -1.067371205, 0.04568403534, 0.2886880027, 0.5124553037, 0.827905506, -0.5833209386, 0.815551742, 0.6776726683, 0.612142571, 0.2396438263, -1.008457816, 1.322650753, 0.9313285663, -1.288977916, 0.1188384103, -0.3915031114, -0.8912239516, -0.1315317355, 0.005470331876, 1.576120134, 1.659815064, -0.3086572822, -0.2806811287, 0.7050529627, 0.5057695118, -1.076362956, 1.864079942, -0.8318011266, -0.3911603492, 1.198929797, 0.7372346342, 0.2208015819, 0.514822908, 1.36819629, -0.4139269661, 1.801404744, -2.189579479, -1.625733254, -0.07245907511, -0.7806785387, -1.523323811, -1.759258278, 0.629237933, -0.2977386024, -0.2029071717, 0.9498363797, 0.05005806544, -0.2190544418, 0.5773242537, -0.2096141342, -1.28050776, 1.465840257, -0.3893072978, -0.4454683788, 0.3981929969, -0.8030371096, 0.9227784129, -0.378609259, 0.06677746755, 0.9115353383, 0.3164198006, 0.1695750522]",-47.60804895577618,1.5802781019696694e-15,4,9,5,4,True,converged,quadratic_grid,100.0,1.0,"[0.03034955091, -0.063861434, 0.9035671271, 0.1996410242, -1.617798166, 0.3446082581, -0.7625441981, 0.1032430135, 0.2806599191, -2.040381131, -0.3757395722, -0.3754698951, -0.3271956113, 2.486767492, 1.108280484, -0.3701720749, -1.316352414, -0.4253529772, -1.011059534, -0.1596021016, -0.3614681639, 0.01308625049, 0.6155836638, 0.09957104338, -0.499993602, -0.005000786473, -1.606437679, 1.262309781, -0.9469606535, -2.582040695, -0.6915824132, 2.247221589, -0.3111081087, 0.1262109415, -0.2383800723, -0.631343841, 1.392590881, 1.883161891, -1.067371205, 0.04568403534, 0.2886880027, 0.5124553037, 0.827905506, -0.5833209386, 0.815551742, 0.6776726683, 0.612142571, 0.2396438263, -1.008457816, 1.322650753, 0.9313285663, -1.288977916, 0.1188384103, -0.3915031114, -0.8912239516, -0.1315317355, 0.005470331876, 1.576120134, 1.659815064, -0.3086572822, -0.2806811287, 0.7050529627, 0.5057695118, -1.076362956, 1.864079942, -0.8318011266, -0.3911603492, 1.198929797, 0.7372346342, 0.2208015819, 0.514822908, 1.36819629, -0.4139269661, 1.801404744, -2.189579479, -1.625733254, -0.07245907511, -0.7806785387, -1.523323811, -1.759258278, 0.629237933, -0.2977386024, -0.2029071717, 0.9498363797, 0.05005806544, -0.2190544418, 0.5773242537, -0.2096141342, -1.28050776, 1.465840257, -0.3893072978, -0.4454683788, 0.3981929969, -0.8030371096, 0.9227784129, -0.378609259, 0.06677746755, 0.9115353383, 0.3164198006, 0.1695750522]",,,4.0,8.0,,,,,,,
dfp,quadratic_n100_k1,"[0, 0, 0, 0, 0, 0, 0, 0, 0, 0, 0, 0, 0, 0, 0, 0, 0, 0, 0, 0, 0, 0, 0, 0, 0, 0, 0, 0, 0, 0, 0, 0, 0, 0, 0, 0, 0, 0, 0, 0, 0, 0, 0, 0, 0, 0, 0, 0, 0, 0, 0, 0, 0, 0, 0, 0, 0, 0, 0, 0, 0, 0, 0, 0, 0, 0, 0, 0, 0, 0, 0, 0, 0, 0, 0, 0, 0, 0, 0, 0, 0, 0, 0, 0, 0, 0, 0, 0, 0, 0, 0, 0, 0, 0, 0, 0, 0, 0, 0, 0]","[0.03034955091, -0.063861434, 0.9035671271, 0.1996410242, -1.617798166, 0.3446082581, -0.7625441981, 0.1032430135, 0.2806599191, -2.040381131, -0.3757395722, -0.3754698951, -0.3271956113, 2.486767492, 1.108280484, -0.3701720749, -1.316352414, -0.4253529772, -1.011059534, -0.1596021016, -0.3614681639, 0.01308625049, 0.6155836638, 0.09957104338, -0.499993602, -0.005000786473, -1.606437679, 1.262309781, -0.9469606535, -2.582040695, -0.6915824132, 2.247221589, -0.3111081087, 0.1262109415, -0.2383800723, -0.631343841, 1.392590881, 1.883161891, -1.067371205, 0.04568403534, 0.2886880027, 0.5124553037, 0.827905506, -0.5833209386, 0.815551742, 0.6776726683, 0.612142571, 0.2396438263, -1.008457816, 1.322650753, 0.9313285663, -1.288977916, 0.1188384103, -0.3915031114, -0.8912239516, -0.1315317355, 0.005470331876, 1.576120134, 1.659815064, -0.3086572822, -0.2806811287, 0.7050529627, 0.5057695118, -1.076362956, 1.864079942, -0.8318011266, -0.3911603492, 1.198929797, 0.7372346342, 0.2208015819, 0.514822908, 1.36819629, -0.4139269661, 1.801404744, -2.189579479, -1.625733254, -0.07245907511, -0.7806785387, -1.523323811, -1.759258278, 0.629237933, -0.2977386024, -0.2029071717, 0.9498363797, 0.05005806544, -0.2190544418, 0.5773242537, -0.2096141342, -1.28050776, 1.465840257, -0.3893072978, -0.4454683788, 0.3981929969, -0.8030371096, 0.9227784129, -0.378609259, 0.06677746755, 0.9115353383, 0.3164198006, 0.1695750522]",-47.60804895577616,7.589286787211285e-15,1,3,3,0,True,converged,quadratic_grid,100.0,1.0,"[0.03034955091, -0.063861434, 0.9035671271, 0.1996410242, -1.617798166, 0.3446082581, -0.7625441981, 0.1032430135, 0.2806599191, -2.040381131, -0.3757395722, -0.3754698951, -0.3271956113, 2.486767492, 1.108280484, -0.3701720749, -1.316352414, -0.4253529772, -1.011059534, -0.1596021016, -0.3614681639, 0.01308625049, 0.6155836638, 0.09957104338, -0.499993602, -0.005000786473, -1.606437679, 1.262309781, -0.9469606535, -2.582040695, -0.6915824132, 2.247221589, -0.3111081087, 0.1262109415, -0.2383800723, -0.631343841, 1.392590881, 1.883161891, -1.067371205, 0.04568403534, 0.2886880027, 0.5124553037, 0.827905506, -0.5833209386, 0.815551742, 0.6776726683, 0.612142571, 0.2396438263, -1.008457816, 1.322650753, 0.9313285663, -1.288977916, 0.1188384103, -0.3915031114, -0.8912239516, -0.1315317355, 0.005470331876, 1.576120134, 1.659815064, -0.3086572822, -0.2806811287, 0.7050529627, 0.5057695118, -1.076362956, 1.864079942, -0.8318011266, -0.3911603492, 1.198929797, 0.7372346342, 0.2208015819, 0.514822908, 1.36819629, -0.4139269661, 1.801404744, -2.189579479, -1.625733254, -0.07245907511, -0.7806785387, -1.523323811, -1.759258278, 0.629237933, -0.2977386024, -0.2029071717, 0.9498363797, 0.05005806544, -0.2190544418, 0.5773242537, -0.2096141342, -1.28050776, 1.465840257, -0.3893072978, -0.4454683788, 0.3981929969, -0.8030371096, 0.9227784129, -0.378609259, 0.06677746755, 0.9115353383, 0.3164198006, 0.1695750522]",0.0,,,,0.0,,,,,,
bfgs,quadratic_n100_k1,"[0, 0, 0, 0, 0, 0, 0, 0, 0, 0, 0, 0, 0, 0, 0, 0, 0, 0, 0, 0, 0, 0, 0, 0, 0, 0, 0, 0, 0, 0, 0, 0, 0, 0, 0, 0, 0, 0, 0, 0, 0, 0, 0, 0, 0, 0, 0, 0, 0, 0, 0, 0, 0, 0, 0, 0, 0, 0, 0, 0, 0, 0, 0, 0, 0, 0, 0, 0, 0, 0, 0, 0, 0, 0, 0, 0, 0, 0, 0, 0, 0, 0, 0, 0, 0, 0, 0, 0, 0, 0, 0, 0, 0, 0, 0, 0, 0, 0, 0, 0]","[0.03034955091, -0.063861434, 0.9035671271, 0.1996410242, -1.617798166, 0.3446082581, -0.7625441981, 0.1032430135, 0.2806599191, -2.040381131, -0.3757395722, -0.3754698951, -0.3271956113, 2.486767492, 1.108280484, -0.3701720749, -1.316352414, -0.4253529772, -1.011059534, -0.1596021016, -0.3614681639, 0.01308625049, 0.6155836638, 0.09957104338, -0.499993602, -0.005000786473, -1.606437679, 1.262309781, -0.9469606535, -2.582040695, -0.6915824132, 2.247221589, -0.3111081087, 0.1262109415, -0.2383800723, -0.631343841, 1.392590881, 1.883161891, -1.067371205, 0.04568403534, 0.2886880027, 0.5124553037, 0.827905506, -0.5833209386, 0.815551742, 0.6776726683, 0.612142571, 0.2396438263, -1.008457816, 1.322650753, 0.9313285663, -1.288977916, 0.1188384103, -0.3915031114, -0.8912239516, -0.1315317355, 0.005470331876, 1.576120134, 1.659815064, -0.3086572822, -0.2806811287, 0.7050529627, 0.5057695118, -1.076362956, 1.864079942, -0.8318011266, -0.3911603492, 1.198929797, 0.7372346342, 0.2208015819, 0.514822908, 1.36819629, -0.4139269661, 1.801404744, -2.189579479, -1.625733254, -0.07245907511, -0.7806785387, -1.523323811, -1.759258278, 0.629237933, -0.2977386024, -0.2029071717, 0.9498363797, 0.05005806544, -0.2190544418, 0.5773242537, -0.2096141342, -1.28050776, 1.465840257, -0.3893072978, -0.4454683788, 0.3981929969, -0.8030371096, 0.9227784129, -0.378609259, 0.06677746755, 0.9115353383, 0.3164198006, 0.1695750522]",-47.60804895577616,7.589286787211285e-15,1,3,3,0,True,converged,quadratic_grid,100.0,1.0,"[0.03034955091, -0.063861434, 0.9035671271, 0.1996410242, -1.617798166, 0.3446082581, -0.7625441981, 0.1032430135, 0.2806599191, -2.040381131, -0.3757395722, -0.3754698951, -0.3271956113, 2.486767492, 1.108280484, -0.3701720749, -1.316352414, -0.4253529772, -1.011059534, -0.1596021016, -0.3614681639, 0.01308625049, 0.6155836638, 0.09957104338, -0.499993602, -0.005000786473, -1.606437679, 1.262309781, -0.9469606535, -2.582040695, -0.6915824132, 2.247221589, -0.3111081087, 0.1262109415, -0.2383800723, -0.631343841, 1.392590881, 1.883161891, -1.067371205, 0.04568403534, 0.2886880027, 0.5124553037, 0.827905506, -0.5833209386, 0.815551742, 0.6776726683, 0.612142571, 0.2396438263, -1.008457816, 1.322650753, 0.9313285663, -1.288977916, 0.1188384103, -0.3915031114, -0.8912239516, -0.1315317355, 0.005470331876, 1.576120134, 1.659815064, -0.3086572822, -0.2806811287, 0.7050529627, 0.5057695118, -1.076362956, 1.864079942, -0.8318011266, -0.3911603492, 1.198929797, 0.7372346342, 0.2208015819, 0.514822908, 1.36819629, -0.4139269661, 1.801404744, -2.189579479, -1.625733254, -0.07245907511, -0.7806785387, -1.523323811, -1.759258278, 0.629237933, -0.2977386024, -0.2029071717, 0.9498363797, 0.05005806544, -0.2190544418, 0.5773242537, -0.2096141342, -1.28050776, 1.465840257, -0.3893072978, -0.4454683788, 0.3981929969, -0.8030371096, 0.9227784129, -0.378609259, 0.06677746755, 0.9115353383, 0.3164198006, 0.1695750522]",0.0,,,,0.0,,,,,,
lbfgs,quadratic_n100_k1,"[0, 0, 0, 0, 0, 0, 0, 0, 0, 0, 0, 0, 0, 0, 0, 0, 0, 0, 0, 0, 0, 0, 0, 0, 0, 0, 0, 0, 0, 0, 0, 0, 0, 0, 0, 0, 0, 0, 0, 0, 0, 0, 0, 0, 0, 0, 0, 0, 0, 0, 0, 0, 0, 0, 0, 0, 0, 0, 0, 0, 0, 0, 0, 0, 0, 0, 0, 0, 0, 0, 0, 0, 0, 0, 0, 0, 0, 0, 0, 0, 0, 0, 0, 0, 0, 0, 0, 0, 0, 0, 0, 0, 0, 0, 0, 0, 0, 0, 0, 0]","[0.03034955091, -0.063861434, 0.9035671271, 0.1996410242, -1.617798166, 0.3446082581, -0.7625441981, 0.1032430135, 0.2806599191, -2.040381131, -0.3757395722, -0.3754698951, -0.3271956113, 2.486767492, 1.108280484, -0.3701720749, -1.316352414, -0.4253529772, -1.011059534, -0.1596021016, -0.3614681639, 0.01308625049, 0.6155836638, 0.09957104338, -0.499993602, -0.005000786473, -1.606437679, 1.262309781, -0.9469606535, -2.582040695, -0.6915824132, 2.247221589, -0.3111081087, 0.1262109415, -0.2383800723, -0.631343841, 1.392590881, 1.883161891, -1.067371205, 0.04568403534, 0.2886880027, 0.5124553037, 0.827905506, -0.5833209386, 0.815551742, 0.6776726683, 0.612142571, 0.2396438263, -1.008457816, 1.322650753, 0.9313285663, -1.288977916, 0.1188384103, -0.3915031114, -0.8912239516, -0.1315317355, 0.005470331876, 1.576120134, 1.659815064, -0.3086572822, -0.2806811287, 0.7050529627, 0.5057695118, -1.076362956, 1.864079942, -0.8318011266, -0.3911603492, 1.198929797, 0.7372346342, 0.2208015819, 0.514822908, 1.36819629, -0.4139269661, 1.801404744, -2.189579479, -1.625733254, -0.07245907511, -0.7806785387, -1.523323811, -1.759258278, 0.629237933, -0.2977386024, -0.2029071717, 0.9498363797, 0.05005806544, -0.2190544418, 0.5773242537, -0.2096141342, -1.28050776, 1.465840257, -0.3893072978, -0.4454683788, 0.3981929969, -0.8030371096, 0.9227784129, -0.378609259, 0.06677746755, 0.9115353383, 0.3164198006, 0.1695750522]",-47.60804895577616,7.589286787211285e-15,1,3,4,0,True,converged,quadratic_grid,100.0,1.0,"[0.03034955091, -0.063861434, 0.9035671271, 0.1996410242, -1.617798166, 0.3446082581, -0.7625441981, 0.1032430135, 0.2806599191, -2.040381131, -0.3757395722, -0.3754698951, -0.3271956113, 2.486767492, 1.108280484, -0.3701720749, -1.316352414, -0.4253529772, -1.011059534, -0.1596021016, -0.3614681639, 0.01308625049, 0.6155836638, 0.09957104338, -0.499993602, -0.005000786473, -1.606437679, 1.262309781, -0.9469606535, -2.582040695, -0.6915824132, 2.247221589, -0.3111081087, 0.1262109415, -0.2383800723, -0.631343841, 1.392590881, 1.883161891, -1.067371205, 0.04568403534, 0.2886880027, 0.5124553037, 0.827905506, -0.5833209386, 0.815551742, 0.6776726683, 0.612142571, 0.2396438263, -1.008457816, 1.322650753, 0.9313285663, -1.288977916, 0.1188384103, -0.3915031114, -0.8912239516, -0.1315317355, 0.005470331876, 1.576120134, 1.659815064, -0.3086572822, -0.2806811287, 0.7050529627, 0.5057695118, -1.076362956, 1.864079942, -0.8318011266, -0.3911603492, 1.198929797, 0.7372346342, 0.2208015819, 0.514822908, 1.36819629, -0.4139269661, 1.801404744, -2.189579479, -1.625733254, -0.07245907511, -0.7806785387, -1.523323811, -1.759258278, 0.629237933, -0.2977386024, -0.2029071717, 0.9498363797, 0.05005806544, -0.2190544418, 0.5773242537, -0.2096141342, -1.28050776, 1.465840257, -0.3893072978, -0.4454683788, 0.3981929969, -0.8030371096, 0.9227784129, -0.378609259, 0.06677746755, 0.9115353383, 0.3164198006, 0.1695750522]",0.0,,,,0.0,10.0,,,,,
scipy_newton_cg,quadratic_n100_k1,"[0, 0, 0, 0, 0, 0, 0, 0, 0, 0, 0, 0, 0, 0, 0, 0, 0, 0, 0, 0, 0, 0, 0, 0, 0, 0, 0, 0, 0, 0, 0, 0, 0, 0, 0, 0, 0, 0, 0, 0, 0, 0, 0, 0, 0, 0, 0, 0, 0, 0, 0, 0, 0, 0, 0, 0, 0, 0, 0, 0, 0, 0, 0, 0, 0, 0, 0, 0, 0, 0, 0, 0, 0, 0, 0, 0, 0, 0, 0, 0, 0, 0, 0, 0, 0, 0, 0, 0, 0, 0, 0, 0, 0, 0, 0, 0, 0, 0, 0, 0]","[0, 0, 0, 0, 0, 0, 0, 0, 0, 0, 0, 0, 0, 0, 0, 0, 0, 0, 0, 0, 0, 0, 0, 0, 0, 0, 0, 0, 0, 0, 0, 0, 0, 0, 0, 0, 0, 0, 0, 0, 0, 0, 0, 0, 0, 0, 0, 0, 0, 0, 0, 0, 0, 0, 0, 0, 0, 0, 0, 0, 0, 0, 0, 0, 0, 0, 0, 0, 0, 0, 0, 0, 0, 0, 0, 0, 0, 0, 0, 0, 0, 0, 0, 0, 0, 0, 0, 0, 0, 0, 0, 0, 0, 0, 0, 0, 0, 0, 0, 0]",0.0,9.75787363678954,0,1,1,0,False,scipy_not_installed,quadratic_grid,100.0,1.0,"[0.03034955091, -0.063861434, 0.9035671271, 0.1996410242, -1.617798166, 0.3446082581, -0.7625441981, 0.1032430135, 0.2806599191, -2.040381131, -0.3757395722, -0.3754698951, -0.3271956113, 2.486767492, 1.108280484, -0.3701720749, -1.316352414, -0.4253529772, -1.011059534, -0.1596021016, -0.3614681639, 0.01308625049, 0.6155836638, 0.09957104338, -0.499993602, -0.005000786473, -1.606437679, 1.262309781, -0.9469606535, -2.582040695, -0.6915824132, 2.247221589, -0.3111081087, 0.1262109415, -0.2383800723, -0.631343841, 1.392590881, 1.883161891, -1.067371205, 0.04568403534, 0.2886880027, 0.5124553037, 0.827905506, -0.5833209386, 0.815551742, 0.6776726683, 0.612142571, 0.2396438263, -1.008457816, 1.322650753, 0.9313285663, -1.288977916, 0.1188384103, -0.3915031114, -0.8912239516, -0.1315317355, 0.005470331876, 1.576120134, 1.659815064, -0.3086572822, -0.2806811287, 0.7050529627, 0.5057695118, -1.076362956, 1.864079942, -0.8318011266, -0.3911603492, 1.198929797, 0.7372346342, 0.2208015819, 0.514822908, 1.36819629, -0.4139269661, 1.801404744, -2.189579479, -1.625733254, -0.07245907511, -0.7806785387, -1.523323811, -1.759258278, 0.629237933, -0.2977386024, -0.2029071717, 0.9498363797, 0.05005806544, -0.2190544418, 0.5773242537, -0.2096141342, -1.28050776, 1.465840257, -0.3893072978, -0.4454683788, 0.3981929969, -0.8030371096, 0.9227784129, -0.378609259, 0.06677746755, 0.9115353383, 0.3164198006, 0.1695750522]",,,,,,,not_installed,,,,
quadratic_cg,quadratic_n100_k10,"[0, 0, 0, 0, 0, 0, 0, 0, 0, 0, 0, 0, 0, 0, 0, 0, 0, 0, 0, 0, 0, 0, 0, 0, 0, 0, 0, 0, 0, 0, 0, 0, 0, 0, 0, 0, 0, 0, 0, 0, 0, 0, 0, 0, 0, 0, 0, 0, 0, 0, 0, 0, 0, 0, 0, 0, 0, 0, 0, 0, 0, 0, 0, 0, 0, 0, 0, 0, 0, 0, 0, 0, 0, 0, 0, 0, 0, 0, 0, 0, 0, 0, 0, 0, 0, 0, 0, 0, 0, 0, 0, 0, 0, 0, 0, 0, 0, 0, 0, 0]","[-0.1614054698, -0.4905856176, 0.3511903948, -0.5192232953, 0.5980528322, -1.092205598, 1.262692956, 0.7921003992, 0.318197992, 0.7815036067, -1.494293272, -0.08951929731, 0.02141978667, 0.3296951565, -1.199707905, -0.5431245172, -2.990204295, 0.1351820218, -0.4603101531, 0.4020298084, 0.1040412698, -1.499922771, -2.265377714, -0.7624524803, -1.763974775, 1.917053199, -0.8969710253, -0.2752921389, 0.01898384256, 2.127341811, 0.8167545691, 0.3201603431, -1.024046126, -0.6857683554, 1.024318573, -1.186143968, 0.02072729289, 0.005380523469, -0.7970733396, 0.9807144718, 2.40727582, -1.44470274, 0.9732945966, -1.003661021, 0.19451416, -0.01197314495, -0.5378739908, -1.397016575, 0.2494478212, -1.155002901, -1.838839065, -1.842283657, 0.4502045652, -0.4827536496, -1.675615886, -0.5718748159, 0.3410472967, 0.7911932843, -0.1742089386, -0.5841809382, 0.8856761058, 0.2330119522, -0.5495870666, -1.514673469, 0.6943466807, -1.744618921, 0.3841208249, 1.376937516, -0.9580515097, 0.156844181, 0.4262975603, 0.4100655465, 1.304326722, -0.03963025054, 0.7757727453, -0.4176434838, -2.509869919, 0.7651363331, -0.3518320663, -0.301503074, -0.3699186756, -0.6788728698, 0.3805461933, 0.783523676, -0.1265161733, 0.4150175278, -0.8251081786, 0.2219465277, 0.6418495993, 0.9197377347, -0.02588564029, -0.05112295915, 0.8120212999, 0.5012856928, -0.2520921271, 0.09659902116, 0.4464116659, -0.5021667058, -0.7589820219, 0.7430322988]",-176.69851814939696,5.034099822507468e-09,33,1,34,0,True,converged,quadratic_grid,100.0,10.0,"[-0.1614054697, -0.4905856178, 0.3511903949, -0.5192232951, 0.5980528323, -1.092205598, 1.262692956, 0.7921003991, 0.3181979918, 0.7815036066, -1.494293272, -0.08951929757, 0.02141978656, 0.3296951562, -1.199707905, -0.5431245171, -2.990204294, 0.135182022, -0.4603101534, 0.4020298081, 0.1040412697, -1.499922771, -2.265377714, -0.76245248, -1.763974774, 1.917053199, -0.8969710254, -0.2752921394, 0.0189838425, 2.127341811, 0.8167545688, 0.3201603434, -1.024046125, -0.6857683551, 1.024318573, -1.186143968, 0.02072729276, 0.005380523935, -0.7970733394, 0.9807144715, 2.40727582, -1.44470274, 0.9732945969, -1.003661022, 0.1945141604, -0.01197314503, -0.5378739912, -1.397016574, 0.2494478211, -1.1550029, -1.838839065, -1.842283657, 0.4502045653, -0.4827536496, -1.675615886, -0.5718748158, 0.3410472967, 0.7911932841, -0.1742089387, -0.5841809385, 0.8856761059, 0.2330119523, -0.5495870669, -1.514673469, 0.6943466804, -1.744618921, 0.3841208251, 1.376937516, -0.9580515099, 0.1568441813, 0.4262975602, 0.4100655466, 1.304326722, -0.03963025084, 0.7757727452, -0.4176434841, -2.509869919, 0.7651363333, -0.3518320662, -0.3015030738, -0.3699186756, -0.6788728696, 0.3805461934, 0.7835236758, -0.1265161734, 0.4150175274, -0.8251081788, 0.2219465277, 0.6418495992, 0.9197377346, -0.02588564012, -0.051122959, 0.8120213001, 0.5012856929, -0.2520921267, 0.09659902115, 0.4464116663, -0.5021667056, -0.758982022, 0.7430322991]",,,,,,,,,,,
nonlinear_cg_fr,quadratic_n100_k10,"[0, 0, 0, 0, 0, 0, 0, 0, 0, 0, 0, 0, 0, 0, 0, 0, 0, 0, 0, 0, 0, 0, 0, 0, 0, 0, 0, 0, 0, 0, 0, 0, 0, 0, 0, 0, 0, 0, 0, 0, 0, 0, 0, 0, 0, 0, 0, 0, 0, 0, 0, 0, 0, 0, 0, 0, 0, 0, 0, 0, 0, 0, 0, 0, 0, 0, 0, 0, 0, 0, 0, 0, 0, 0, 0, 0, 0, 0, 0, 0, 0, 0, 0, 0, 0, 0, 0, 0, 0, 0, 0, 0, 0, 0, 0, 0, 0, 0, 0, 0]","[-0.1614054727, -0.4905856215, 0.3511903912, -0.5192232934, 0.5980528294, -1.092205602, 1.262692957, 0.7921004019, 0.3181979907, 0.7815036085, -1.494293277, -0.08951929741, 0.02141979012, 0.3296951571, -1.199707907, -0.543124517, -2.990204299, 0.1351820235, -0.4603101517, 0.4020298098, 0.104041268, -1.499922774, -2.265377715, -0.7624524827, -1.763974777, 1.917053202, -0.896971028, -0.2752921396, 0.01898384384, 2.127341811, 0.8167545703, 0.3201603411, -1.024046128, -0.6857683568, 1.024318574, -1.186143971, 0.02072729346, 0.005380523973, -0.797073338, 0.9807144698, 2.407275818, -1.44470274, 0.973294596, -1.003661019, 0.1945141546, -0.01197315001, -0.5378739921, -1.397016573, 0.2494478224, -1.155002901, -1.838839063, -1.842283655, 0.4502045666, -0.4827536503, -1.675615886, -0.5718748151, 0.3410472971, 0.7911932855, -0.1742089367, -0.584180932, 0.8856761044, 0.2330119523, -0.549587066, -1.51467347, 0.6943466831, -1.744618923, 0.3841208286, 1.376937516, -0.9580515062, 0.15684418, 0.4262975599, 0.4100655467, 1.304326722, -0.03963024881, 0.7757727426, -0.4176434793, -2.509869919, 0.765136336, -0.3518320678, -0.3015030747, -0.3699186739, -0.6788728706, 0.3805461941, 0.7835236761, -0.1265161735, 0.4150175282, -0.8251081805, 0.2219465273, 0.6418496002, 0.9197377379, -0.02588563772, -0.05112295927, 0.8120212988, 0.5012856935, -0.2520921296, 0.09659902045, 0.446411665, -0.502166704, -0.7589820189, 0.7430322984]",-176.6985181493971,5.124104902745217e-08,3000,134195,3001,0,False,max_iter_reached,quadratic_grid,100.0,10.0,"[-0.1614054697, -0.4905856178, 0.3511903949, -0.5192232951, 0.5980528323, -1.092205598, 1.262692956, 0.7921003991, 0.3181979918, 0.7815036066, -1.494293272, -0.08951929757, 0.02141978656, 0.3296951562, -1.199707905, -0.5431245171, -2.990204294, 0.135182022, -0.4603101534, 0.4020298081, 0.1040412697, -1.499922771, -2.265377714, -0.76245248, -1.763974774, 1.917053199, -0.8969710254, -0.2752921394, 0.0189838425, 2.127341811, 0.8167545688, 0.3201603434, -1.024046125, -0.6857683551, 1.024318573, -1.186143968, 0.02072729276, 0.005380523935, -0.7970733394, 0.9807144715, 2.40727582, -1.44470274, 0.9732945969, -1.003661022, 0.1945141604, -0.01197314503, -0.5378739912, -1.397016574, 0.2494478211, -1.1550029, -1.838839065, -1.842283657, 0.4502045653, -0.4827536496, -1.675615886, -0.5718748158, 0.3410472967, 0.7911932841, -0.1742089387, -0.5841809385, 0.8856761059, 0.2330119523, -0.5495870669, -1.514673469, 0.6943466804, -1.744618921, 0.3841208251, 1.376937516, -0.9580515099, 0.1568441813, 0.4262975602, 0.4100655466, 1.304326722, -0.03963025084, 0.7757727452, -0.4176434841, -2.509869919, 0.7651363333, -0.3518320662, -0.3015030738, -0.3699186756, -0.6788728696, 0.3805461934, 0.7835236758, -0.1265161734, 0.4150175274, -0.8251081788, 0.2219465277, 0.6418495992, 0.9197377346, -0.02588564012, -0.051122959, 0.8120213001, 0.5012856929, -0.2520921267, 0.09659902115, 0.4464116663, -0.5021667056, -0.758982022, 0.7430322991]",1.0,,,,,,,,,,
nonlinear_cg_pr,quadratic_n100_k10,"[0, 0, 0, 0, 0, 0, 0, 0, 0, 0, 0, 0, 0, 0, 0, 0, 0, 0, 0, 0, 0, 0, 0, 0, 0, 0, 0, 0, 0, 0, 0, 0, 0, 0, 0, 0, 0, 0, 0, 0, 0, 0, 0, 0, 0, 0, 0, 0, 0, 0, 0, 0, 0, 0, 0, 0, 0, 0, 0, 0, 0, 0, 0, 0, 0, 0, 0, 0, 0, 0, 0, 0, 0, 0, 0, 0, 0, 0, 0, 0, 0, 0, 0, 0, 0, 0, 0, 0, 0, 0, 0, 0, 0, 0, 0, 0, 0, 0, 0, 0]","[-0.1614054641, -0.4905856085, 0.3511903984, -0.5192233027, 0.5980528368, -1.092205593, 1.262692949, 0.7921003936, 0.3181979892, 0.7815036061, -1.494293269, -0.08951929398, 0.02141978637, 0.3296951546, -1.199707901, -0.5431245179, -2.990204288, 0.1351820219, -0.4603101522, 0.4020298145, 0.1040412746, -1.499922769, -2.265377712, -0.7624524776, -1.763974769, 1.917053192, -0.8969710196, -0.2752921395, 0.01898383762, 2.127341815, 0.8167545646, 0.3201603424, -1.024046123, -0.685768353, 1.024318567, -1.186143965, 0.02072729565, 0.005380522259, -0.7970733421, 0.9807144773, 2.407275825, -1.444702735, 0.9732945953, -1.003661018, 0.1945141669, -0.01197313192, -0.5378739882, -1.397016574, 0.2494478184, -1.155002898, -1.838839067, -1.842283661, 0.450204563, -0.4827536467, -1.675615888, -0.5718748168, 0.3410472918, 0.7911932897, -0.1742089387, -0.5841809467, 0.8856761094, 0.2330119583, -0.5495870741, -1.514673468, 0.6943466823, -1.744618917, 0.3841208191, 1.376937519, -0.9580515153, 0.1568441849, 0.4262975607, 0.4100655453, 1.304326724, -0.03963025667, 0.7757727464, -0.4176434907, -2.509869914, 0.7651363267, -0.3518320673, -0.301503076, -0.3699186803, -0.6788728702, 0.3805461918, 0.783523676, -0.1265161749, 0.4150175285, -0.8251081789, 0.2219465338, 0.641849602, 0.9197377317, -0.02588564451, -0.05112295516, 0.8120213017, 0.5012856949, -0.2520921233, 0.09659902107, 0.4464116598, -0.5021667097, -0.758982021, 0.7430323032]",-176.69851814939702,8.877015151155033e-08,3000,107359,3001,0,False,max_iter_reached,quadratic_grid,100.0,10.0,"[-0.1614054697, -0.4905856178, 0.3511903949, -0.5192232951, 0.5980528323, -1.092205598, 1.262692956, 0.7921003991, 0.3181979918, 0.7815036066, -1.494293272, -0.08951929757, 0.02141978656, 0.3296951562, -1.199707905, -0.5431245171, -2.990204294, 0.135182022, -0.4603101534, 0.4020298081, 0.1040412697, -1.499922771, -2.265377714, -0.76245248, -1.763974774, 1.917053199, -0.8969710254, -0.2752921394, 0.0189838425, 2.127341811, 0.8167545688, 0.3201603434, -1.024046125, -0.6857683551, 1.024318573, -1.186143968, 0.02072729276, 0.005380523935, -0.7970733394, 0.9807144715, 2.40727582, -1.44470274, 0.9732945969, -1.003661022, 0.1945141604, -0.01197314503, -0.5378739912, -1.397016574, 0.2494478211, -1.1550029, -1.838839065, -1.842283657, 0.4502045653, -0.4827536496, -1.675615886, -0.5718748158, 0.3410472967, 0.7911932841, -0.1742089387, -0.5841809385, 0.8856761059, 0.2330119523, -0.5495870669, -1.514673469, 0.6943466804, -1.744618921, 0.3841208251, 1.376937516, -0.9580515099, 0.1568441813, 0.4262975602, 0.4100655466, 1.304326722, -0.03963025084, 0.7757727452, -0.4176434841, -2.509869919, 0.7651363333, -0.3518320662, -0.3015030738, -0.3699186756, -0.6788728696, 0.3805461934, 0.7835236758, -0.1265161734, 0.4150175274, -0.8251081788, 0.2219465277, 0.6418495992, 0.9197377346, -0.02588564012, -0.051122959, 0.8120213001, 0.5012856929, -0.2520921267, 0.09659902115, 0.4464116663, -0.5021667056, -0.758982022, 0.7430322991]",9.0,,,,,,,,,,
newton_cholesky,quadratic_n100_k10,"[0, 0, 0, 0, 0, 0, 0, 0, 0, 0, 0, 0, 0, 0, 0, 0, 0, 0, 0, 0, 0, 0, 0, 0, 0, 0, 0, 0, 0, 0, 0, 0, 0, 0, 0, 0, 0, 0, 0, 0, 0, 0, 0, 0, 0, 0, 0, 0, 0, 0, 0, 0, 0, 0, 0, 0, 0, 0, 0, 0, 0, 0, 0, 0, 0, 0, 0, 0, 0, 0, 0, 0, 0, 0, 0, 0, 0, 0, 0, 0, 0, 0, 0, 0, 0, 0, 0, 0, 0, 0, 0, 0, 0, 0, 0, 0, 0, 0, 0, 0]","[-0.1614054697, -0.4905856178, 0.3511903949, -0.5192232951, 0.5980528323, -1.092205598, 1.262692956, 0.7921003991, 0.3181979918, 0.7815036066, -1.494293272, -0.08951929757, 0.02141978656, 0.3296951562, -1.199707905, -0.5431245171, -2.990204294, 0.135182022, -0.4603101534, 0.4020298081, 0.1040412697, -1.499922771, -2.265377714, -0.76245248, -1.763974774, 1.917053199, -0.8969710254, -0.2752921394, 0.0189838425, 2.127341811, 0.8167545688, 0.3201603434, -1.024046125, -0.6857683551, 1.024318573, -1.186143968, 0.02072729276, 0.005380523935, -0.7970733394, 0.9807144715, 2.40727582, -1.44470274, 0.9732945969, -1.003661022, 0.1945141604, -0.01197314503, -0.5378739912, -1.397016574, 0.2494478211, -1.1550029, -1.838839065, -1.842283657, 0.4502045653, -0.4827536496, -1.675615886, -0.5718748158, 0.3410472967, 0.7911932841, -0.1742089387, -0.5841809385, 0.8856761059, 0.2330119523, -0.5495870669, -1.514673469, 0.6943466804, -1.744618921, 0.3841208251, 1.376937516, -0.9580515099, 0.1568441813, 0.4262975602, 0.4100655466, 1.304326722, -0.03963025084, 0.7757727452, -0.4176434841, -2.509869919, 0.7651363333, -0.3518320662, -0.3015030738, -0.3699186756, -0.6788728696, 0.3805461934, 0.7835236758, -0.1265161734, 0.4150175274, -0.8251081788, 0.2219465277, 0.6418495992, 0.9197377346, -0.02588564012, -0.051122959, 0.8120213001, 0.5012856929, -0.2520921267, 0.09659902115, 0.4464116663, -0.5021667056, -0.758982022, 0.7430322991]",-176.69851814939688,2.1349649384057666e-14,1,1,2,1,True,converged,quadratic_grid,100.0,10.0,"[-0.1614054697, -0.4905856178, 0.3511903949, -0.5192232951, 0.5980528323, -1.092205598, 1.262692956, 0.7921003991, 0.3181979918, 0.7815036066, -1.494293272, -0.08951929757, 0.02141978656, 0.3296951562, -1.199707905, -0.5431245171, -2.990204294, 0.135182022, -0.4603101534, 0.4020298081, 0.1040412697, -1.499922771, -2.265377714, -0.76245248, -1.763974774, 1.917053199, -0.8969710254, -0.2752921394, 0.0189838425, 2.127341811, 0.8167545688, 0.3201603434, -1.024046125, -0.6857683551, 1.024318573, -1.186143968, 0.02072729276, 0.005380523935, -0.7970733394, 0.9807144715, 2.40727582, -1.44470274, 0.9732945969, -1.003661022, 0.1945141604, -0.01197314503, -0.5378739912, -1.397016574, 0.2494478211, -1.1550029, -1.838839065, -1.842283657, 0.4502045653, -0.4827536496, -1.675615886, -0.5718748158, 0.3410472967, 0.7911932841, -0.1742089387, -0.5841809385, 0.8856761059, 0.2330119523, -0.5495870669, -1.514673469, 0.6943466804, -1.744618921, 0.3841208251, 1.376937516, -0.9580515099, 0.1568441813, 0.4262975602, 0.4100655466, 1.304326722, -0.03963025084, 0.7757727452, -0.4176434841, -2.509869919, 0.7651363333, -0.3518320662, -0.3015030738, -0.3699186756, -0.6788728696, 0.3805461934, 0.7835236758, -0.1265161734, 0.4150175274, -0.8251081788, 0.2219465277, 0.6418495992, 0.9197377346, -0.02588564012, -0.051122959, 0.8120213001, 0.5012856929, -0.2520921267, 0.09659902115, 0.4464116663, -0.5021667056, -0.758982022, 0.7430322991]",,,,,,,,,,,
newton_direction,quadratic_n100_k10,"[0, 0, 0, 0, 0, 0, 0, 0, 0, 0, 0, 0, 0, 0, 0, 0, 0, 0, 0, 0, 0, 0, 0, 0, 0, 0, 0, 0, 0, 0, 0, 0, 0, 0, 0, 0, 0, 0, 0, 0, 0, 0, 0, 0, 0, 0, 0, 0, 0, 0, 0, 0, 0, 0, 0, 0, 0, 0, 0, 0, 0, 0, 0, 0, 0, 0, 0, 0, 0, 0, 0, 0, 0, 0, 0, 0, 0, 0, 0, 0, 0, 0, 0, 0, 0, 0, 0, 0, 0, 0, 0, 0, 0, 0, 0, 0, 0, 0, 0, 0]","[-0.1614054697, -0.4905856178, 0.3511903949, -0.5192232951, 0.5980528323, -1.092205598, 1.262692956, 0.7921003991, 0.3181979918, 0.7815036066, -1.494293272, -0.08951929757, 0.02141978656, 0.3296951562, -1.199707905, -0.5431245171, -2.990204294, 0.135182022, -0.4603101534, 0.4020298081, 0.1040412697, -1.499922771, -2.265377714, -0.76245248, -1.763974774, 1.917053199, -0.8969710254, -0.2752921394, 0.0189838425, 2.127341811, 0.8167545688, 0.3201603434, -1.024046125, -0.6857683551, 1.024318573, -1.186143968, 0.02072729276, 0.005380523935, -0.7970733394, 0.9807144715, 2.40727582, -1.44470274, 0.9732945969, -1.003661022, 0.1945141604, -0.01197314503, -0.5378739912, -1.397016574, 0.2494478211, -1.1550029, -1.838839065, -1.842283657, 0.4502045653, -0.4827536496, -1.675615886, -0.5718748158, 0.3410472967, 0.7911932841, -0.1742089387, -0.5841809385, 0.8856761059, 0.2330119523, -0.5495870669, -1.514673469, 0.6943466804, -1.744618921, 0.3841208251, 1.376937516, -0.9580515099, 0.1568441813, 0.4262975602, 0.4100655466, 1.304326722, -0.03963025084, 0.7757727452, -0.4176434841, -2.509869919, 0.7651363333, -0.3518320662, -0.3015030738, -0.3699186756, -0.6788728696, 0.3805461934, 0.7835236758, -0.1265161734, 0.4150175274, -0.8251081788, 0.2219465277, 0.6418495992, 0.9197377346, -0.02588564012, -0.051122959, 0.8120213001, 0.5012856929, -0.2520921267, 0.09659902115, 0.4464116663, -0.5021667056, -0.758982022, 0.7430322991]",-176.69851814939693,1.503214916487545e-14,1,3,3,1,True,converged,quadratic_grid,100.0,10.0,"[-0.1614054697, -0.4905856178, 0.3511903949, -0.5192232951, 0.5980528323, -1.092205598, 1.262692956, 0.7921003991, 0.3181979918, 0.7815036066, -1.494293272, -0.08951929757, 0.02141978656, 0.3296951562, -1.199707905, -0.5431245171, -2.990204294, 0.135182022, -0.4603101534, 0.4020298081, 0.1040412697, -1.499922771, -2.265377714, -0.76245248, -1.763974774, 1.917053199, -0.8969710254, -0.2752921394, 0.0189838425, 2.127341811, 0.8167545688, 0.3201603434, -1.024046125, -0.6857683551, 1.024318573, -1.186143968, 0.02072729276, 0.005380523935, -0.7970733394, 0.9807144715, 2.40727582, -1.44470274, 0.9732945969, -1.003661022, 0.1945141604, -0.01197314503, -0.5378739912, -1.397016574, 0.2494478211, -1.1550029, -1.838839065, -1.842283657, 0.4502045653, -0.4827536496, -1.675615886, -0.5718748158, 0.3410472967, 0.7911932841, -0.1742089387, -0.5841809385, 0.8856761059, 0.2330119523, -0.5495870669, -1.514673469, 0.6943466804, -1.744618921, 0.3841208251, 1.376937516, -0.9580515099, 0.1568441813, 0.4262975602, 0.4100655466, 1.304326722, -0.03963025084, 0.7757727452, -0.4176434841, -2.509869919, 0.7651363333, -0.3518320662, -0.3015030738, -0.3699186756, -0.6788728696, 0.3805461934, 0.7835236758, -0.1265161734, 0.4150175274, -0.8251081788, 0.2219465277, 0.6418495992, 0.9197377346, -0.02588564012, -0.051122959, 0.8120213001, 0.5012856929, -0.2520921267, 0.09659902115, 0.4464116663, -0.5021667056, -0.758982022, 0.7430322991]",,0.0,,,,,,,,,
dogleg,quadratic_n100_k10,"[0, 0, 0, 0, 0, 0, 0, 0, 0, 0, 0, 0, 0, 0, 0, 0, 0, 0, 0, 0, 0, 0, 0, 0, 0, 0, 0, 0, 0, 0, 0, 0, 0, 0, 0, 0, 0, 0, 0, 0, 0, 0, 0, 0, 0, 0, 0, 0, 0, 0, 0, 0, 0, 0, 0, 0, 0, 0, 0, 0, 0, 0, 0, 0, 0, 0, 0, 0, 0, 0, 0, 0, 0, 0, 0, 0, 0, 0, 0, 0, 0, 0, 0, 0, 0, 0, 0, 0, 0, 0, 0, 0, 0, 0, 0, 0, 0, 0, 0, 0]","[-0.1614054697, -0.4905856178, 0.3511903949, -0.5192232951, 0.5980528323, -1.092205598, 1.262692956, 0.7921003991, 0.3181979918, 0.7815036066, -1.494293272, -0.08951929757, 0.02141978656, 0.3296951562, -1.199707905, -0.5431245171, -2.990204294, 0.135182022, -0.4603101534, 0.4020298081, 0.1040412697, -1.499922771, -2.265377714, -0.76245248, -1.763974774, 1.917053199, -0.8969710254, -0.2752921394, 0.0189838425, 2.127341811, 0.8167545688, 0.3201603434, -1.024046125, -0.6857683551, 1.024318573, -1.186143968, 0.02072729276, 0.005380523935, -0.7970733394, 0.9807144715, 2.40727582, -1.44470274, 0.9732945969, -1.003661022, 0.1945141604, -0.01197314503, -0.5378739912, -1.397016574, 0.2494478211, -1.1550029, -1.838839065, -1.842283657, 0.4502045653, -0.4827536496, -1.675615886, -0.5718748158, 0.3410472967, 0.7911932841, -0.1742089387, -0.5841809385, 0.8856761059, 0.2330119523, -0.5495870669, -1.514673469, 0.6943466804, -1.744618921, 0.3841208251, 1.376937516, -0.9580515099, 0.1568441813, 0.4262975602, 0.4100655466, 1.304326722, -0.03963025084, 0.7757727452, -0.4176434841, -2.509869919, 0.7651363333, -0.3518320662, -0.3015030738, -0.3699186756, -0.6788728696, 0.3805461934, 0.7835236758, -0.1265161734, 0.4150175274, -0.8251081788, 0.2219465277, 0.6418495992, 0.9197377346, -0.02588564012, -0.051122959, 0.8120213001, 0.5012856929, -0.2520921267, 0.09659902115, 0.4464116663, -0.5021667056, -0.758982022, 0.7430322991]",-176.69851814939693,1.2995568353223984e-14,4,9,5,4,True,converged,quadratic_grid,100.0,10.0,"[-0.1614054697, -0.4905856178, 0.3511903949, -0.5192232951, 0.5980528323, -1.092205598, 1.262692956, 0.7921003991, 0.3181979918, 0.7815036066, -1.494293272, -0.08951929757, 0.02141978656, 0.3296951562, -1.199707905, -0.5431245171, -2.990204294, 0.135182022, -0.4603101534, 0.4020298081, 0.1040412697, -1.499922771, -2.265377714, -0.76245248, -1.763974774, 1.917053199, -0.8969710254, -0.2752921394, 0.0189838425, 2.127341811, 0.8167545688, 0.3201603434, -1.024046125, -0.6857683551, 1.024318573, -1.186143968, 0.02072729276, 0.005380523935, -0.7970733394, 0.9807144715, 2.40727582, -1.44470274, 0.9732945969, -1.003661022, 0.1945141604, -0.01197314503, -0.5378739912, -1.397016574, 0.2494478211, -1.1550029, -1.838839065, -1.842283657, 0.4502045653, -0.4827536496, -1.675615886, -0.5718748158, 0.3410472967, 0.7911932841, -0.1742089387, -0.5841809385, 0.8856761059, 0.2330119523, -0.5495870669, -1.514673469, 0.6943466804, -1.744618921, 0.3841208251, 1.376937516, -0.9580515099, 0.1568441813, 0.4262975602, 0.4100655466, 1.304326722, -0.03963025084, 0.7757727452, -0.4176434841, -2.509869919, 0.7651363333, -0.3518320662, -0.3015030738, -0.3699186756, -0.6788728696, 0.3805461934, 0.7835236758, -0.1265161734, 0.4150175274, -0.8251081788, 0.2219465277, 0.6418495992, 0.9197377346, -0.02588564012, -0.051122959, 0.8120213001, 0.5012856929, -0.2520921267, 0.09659902115, 0.4464116663, -0.5021667056, -0.758982022, 0.7430322991]",,,4.0,8.0,,,,,,,
dfp,quadratic_n100_k10,"[0, 0, 0, 0, 0, 0, 0, 0, 0, 0, 0, 0, 0, 0, 0, 0, 0, 0, 0, 0, 0, 0, 0, 0, 0, 0, 0, 0, 0, 0, 0, 0, 0, 0, 0, 0, 0, 0, 0, 0, 0, 0, 0, 0, 0, 0, 0, 0, 0, 0, 0, 0, 0, 0, 0, 0, 0, 0, 0, 0, 0, 0, 0, 0, 0, 0, 0, 0, 0, 0, 0, 0, 0, 0, 0, 0, 0, 0, 0, 0, 0, 0, 0, 0, 0, 0, 0, 0, 0, 0, 0, 0, 0, 0, 0, 0, 0, 0, 0, 0]","[-0.161405474, -0.4905856139, 0.3511903899, -0.519223302, 0.5980528267, -1.092205595, 1.262692959, 0.7921003835, 0.3181980027, 0.7815035913, -1.494293266, -0.08951929925, 0.02141978141, 0.3296951683, -1.199707914, -0.5431245223, -2.990204307, 0.1351820157, -0.4603101692, 0.4020298071, 0.1040412821, -1.499922765, -2.265377708, -0.7624524837, -1.763974777, 1.917053204, -0.8969710202, -0.2752921336, 0.01898384678, 2.127341808, 0.8167545712, 0.3201603503, -1.024046124, -0.6857683602, 1.024318569, -1.186143974, 0.02072729642, 0.005380525915, -0.7970733411, 0.9807144774, 2.407275827, -1.444702737, 0.973294584, -1.003661018, 0.1945141529, -0.01197314358, -0.537873983, -1.397016575, 0.2494478359, -1.155002897, -1.83883907, -1.842283655, 0.450204569, -0.482753654, -1.675615888, -0.5718748143, 0.341047297, 0.7911932835, -0.1742089296, -0.5841809382, 0.8856761079, 0.2330119501, -0.5495870678, -1.514673463, 0.694346675, -1.744618919, 0.3841208234, 1.376937514, -0.958051514, 0.1568441833, 0.426297561, 0.4100655451, 1.304326716, -0.03963025058, 0.775772739, -0.4176434777, -2.509869933, 0.7651363264, -0.3518320696, -0.3015030744, -0.3699186802, -0.6788728763, 0.3805461839, 0.7835236721, -0.1265161699, 0.4150175139, -0.8251081737, 0.2219465222, 0.6418495972, 0.9197377184, -0.02588564334, -0.05112295571, 0.8120212978, 0.5012856949, -0.2520921312, 0.0965990288, 0.4464116627, -0.5021666991, -0.7589820208, 0.743032313]",-176.69851814939702,4.4987735860443504e-07,3000,111326,6001,0,False,max_iter_reached,quadratic_grid,100.0,10.0,"[-0.1614054697, -0.4905856178, 0.3511903949, -0.5192232951, 0.5980528323, -1.092205598, 1.262692956, 0.7921003991, 0.3181979918, 0.7815036066, -1.494293272, -0.08951929757, 0.02141978656, 0.3296951562, -1.199707905, -0.5431245171, -2.990204294, 0.135182022, -0.4603101534, 0.4020298081, 0.1040412697, -1.499922771, -2.265377714, -0.76245248, -1.763974774, 1.917053199, -0.8969710254, -0.2752921394, 0.0189838425, 2.127341811, 0.8167545688, 0.3201603434, -1.024046125, -0.6857683551, 1.024318573, -1.186143968, 0.02072729276, 0.005380523935, -0.7970733394, 0.9807144715, 2.40727582, -1.44470274, 0.9732945969, -1.003661022, 0.1945141604, -0.01197314503, -0.5378739912, -1.397016574, 0.2494478211, -1.1550029, -1.838839065, -1.842283657, 0.4502045653, -0.4827536496, -1.675615886, -0.5718748158, 0.3410472967, 0.7911932841, -0.1742089387, -0.5841809385, 0.8856761059, 0.2330119523, -0.5495870669, -1.514673469, 0.6943466804, -1.744618921, 0.3841208251, 1.376937516, -0.9580515099, 0.1568441813, 0.4262975602, 0.4100655466, 1.304326722, -0.03963025084, 0.7757727452, -0.4176434841, -2.509869919, 0.7651363333, -0.3518320662, -0.3015030738, -0.3699186756, -0.6788728696, 0.3805461934, 0.7835236758, -0.1265161734, 0.4150175274, -0.8251081788, 0.2219465277, 0.6418495992, 0.9197377346, -0.02588564012, -0.051122959, 0.8120213001, 0.5012856929, -0.2520921267, 0.09659902115, 0.4464116663, -0.5021667056, -0.758982022, 0.7430322991]",0.0,,,,2967.0,,,,,,
bfgs,quadratic_n100_k10,"[0, 0, 0, 0, 0, 0, 0, 0, 0, 0, 0, 0, 0, 0, 0, 0, 0, 0, 0, 0, 0, 0, 0, 0, 0, 0, 0, 0, 0, 0, 0, 0, 0, 0, 0, 0, 0, 0, 0, 0, 0, 0, 0, 0, 0, 0, 0, 0, 0, 0, 0, 0, 0, 0, 0, 0, 0, 0, 0, 0, 0, 0, 0, 0, 0, 0, 0, 0, 0, 0, 0, 0, 0, 0, 0, 0, 0, 0, 0, 0, 0, 0, 0, 0, 0, 0, 0, 0, 0, 0, 0, 0, 0, 0, 0, 0, 0, 0, 0, 0]","[-0.1614054564, -0.490585614, 0.3511903965, -0.5192232922, 0.5980528358, -1.092205601, 1.262692954, 0.7921004004, 0.3181979954, 0.7815036126, -1.49429328, -0.08951929584, 0.02141978554, 0.3296951499, -1.199707899, -0.5431245121, -2.990204296, 0.135182026, -0.4603101559, 0.402029804, 0.1040412717, -1.499922771, -2.265377706, -0.7624524831, -1.763974778, 1.917053197, -0.8969710305, -0.2752921321, 0.01898384802, 2.127341812, 0.816754566, 0.3201603504, -1.024046123, -0.6857683538, 1.024318571, -1.186143956, 0.02072729364, 0.005380520568, -0.7970733383, 0.9807144757, 2.40727582, -1.444702738, 0.9732945951, -1.003661018, 0.194514155, -0.01197314867, -0.5378739942, -1.397016575, 0.2494478227, -1.155002897, -1.838839062, -1.84228366, 0.4502045611, -0.4827536535, -1.675615879, -0.5718748039, 0.3410472971, 0.7911932827, -0.1742089411, -0.5841809443, 0.8856761026, 0.2330119578, -0.5495870617, -1.51467347, 0.6943466859, -1.744618916, 0.3841208317, 1.376937523, -0.9580515086, 0.1568441817, 0.4262975636, 0.4100655403, 1.304326723, -0.03963024471, 0.775772742, -0.4176434835, -2.509869926, 0.7651363356, -0.3518320726, -0.301503075, -0.3699186751, -0.6788728693, 0.380546194, 0.7835236804, -0.126516169, 0.4150175268, -0.82510819, 0.221946528, 0.6418495911, 0.9197377265, -0.0258856444, -0.05112295706, 0.8120212985, 0.5012856893, -0.2520921347, 0.09659902212, 0.4464116676, -0.5021667118, -0.7589820165, 0.7430322965]",-176.69851814939702,2.751949410167438e-07,3000,111174,6001,0,False,max_iter_reached,quadratic_grid,100.0,10.0,"[-0.1614054697, -0.4905856178, 0.3511903949, -0.5192232951, 0.5980528323, -1.092205598, 1.262692956, 0.7921003991, 0.3181979918, 0.7815036066, -1.494293272, -0.08951929757, 0.02141978656, 0.3296951562, -1.199707905, -0.5431245171, -2.990204294, 0.135182022, -0.4603101534, 0.4020298081, 0.1040412697, -1.499922771, -2.265377714, -0.76245248, -1.763974774, 1.917053199, -0.8969710254, -0.2752921394, 0.0189838425, 2.127341811, 0.8167545688, 0.3201603434, -1.024046125, -0.6857683551, 1.024318573, -1.186143968, 0.02072729276, 0.005380523935, -0.7970733394, 0.9807144715, 2.40727582, -1.44470274, 0.9732945969, -1.003661022, 0.1945141604, -0.01197314503, -0.5378739912, -1.397016574, 0.2494478211, -1.1550029, -1.838839065, -1.842283657, 0.4502045653, -0.4827536496, -1.675615886, -0.5718748158, 0.3410472967, 0.7911932841, -0.1742089387, -0.5841809385, 0.8856761059, 0.2330119523, -0.5495870669, -1.514673469, 0.6943466804, -1.744618921, 0.3841208251, 1.376937516, -0.9580515099, 0.1568441813, 0.4262975602, 0.4100655466, 1.304326722, -0.03963025084, 0.7757727452, -0.4176434841, -2.509869919, 0.7651363333, -0.3518320662, -0.3015030738, -0.3699186756, -0.6788728696, 0.3805461934, 0.7835236758, -0.1265161734, 0.4150175274, -0.8251081788, 0.2219465277, 0.6418495992, 0.9197377346, -0.02588564012, -0.051122959, 0.8120213001, 0.5012856929, -0.2520921267, 0.09659902115, 0.4464116663, -0.5021667056, -0.758982022, 0.7430322991]",0.0,,,,2946.0,,,,,,
lbfgs,quadratic_n100_k10,"[0, 0, 0, 0, 0, 0, 0, 0, 0, 0, 0, 0, 0, 0, 0, 0, 0, 0, 0, 0, 0, 0, 0, 0, 0, 0, 0, 0, 0, 0, 0, 0, 0, 0, 0, 0, 0, 0, 0, 0, 0, 0, 0, 0, 0, 0, 0, 0, 0, 0, 0, 0, 0, 0, 0, 0, 0, 0, 0, 0, 0, 0, 0, 0, 0, 0, 0, 0, 0, 0, 0, 0, 0, 0, 0, 0, 0, 0, 0, 0, 0, 0, 0, 0, 0, 0, 0, 0, 0, 0, 0, 0, 0, 0, 0, 0, 0, 0, 0, 0]","[-0.1614054744, -0.4905856463, 0.3511903489, -0.5192232678, 0.5980528367, -1.092205607, 1.262692956, 0.7921004036, 0.318197985, 0.7815036331, -1.494293237, -0.08951931439, 0.02141980105, 0.3296951449, -1.199707902, -0.5431245186, -2.990204318, 0.1351820245, -0.4603101484, 0.4020297862, 0.1040412643, -1.499922752, -2.265377706, -0.762452504, -1.763974796, 1.917053215, -0.8969710495, -0.2752921561, 0.01898386288, 2.127341793, 0.8167545885, 0.3201603294, -1.024046124, -0.6857683471, 1.024318552, -1.186143972, 0.02072727288, 0.005380520055, -0.7970733526, 0.980714476, 2.407275797, -1.444702743, 0.9732945814, -1.003661011, 0.194514152, -0.01197317198, -0.5378740076, -1.397016571, 0.2494478073, -1.155002932, -1.838839031, -1.842283658, 0.450204556, -0.4827536587, -1.675615902, -0.571874777, 0.3410473138, 0.7911932664, -0.1742089368, -0.5841809518, 0.8856761089, 0.233011948, -0.5495870523, -1.514673464, 0.6943466759, -1.744618932, 0.3841208166, 1.37693753, -0.9580514901, 0.1568441862, 0.4262975511, 0.4100655497, 1.304326717, -0.03963023273, 0.7757727359, -0.4176434951, -2.509869908, 0.7651363292, -0.3518320596, -0.301503077, -0.3699186735, -0.6788728782, 0.3805462013, 0.7835236647, -0.1265161876, 0.4150175245, -0.8251081546, 0.221946512, 0.641849612, 0.9197377196, -0.02588563932, -0.05112292708, 0.8120212973, 0.5012856922, -0.2520921465, 0.0965990125, 0.4464117023, -0.502166682, -0.7589820426, 0.7430322907]",-176.69851814939702,2.2329928669698161e-07,3000,245519,6043,0,False,max_iter_reached,quadratic_grid,100.0,10.0,"[-0.1614054697, -0.4905856178, 0.3511903949, -0.5192232951, 0.5980528323, -1.092205598, 1.262692956, 0.7921003991, 0.3181979918, 0.7815036066, -1.494293272, -0.08951929757, 0.02141978656, 0.3296951562, -1.199707905, -0.5431245171, -2.990204294, 0.135182022, -0.4603101534, 0.4020298081, 0.1040412697, -1.499922771, -2.265377714, -0.76245248, -1.763974774, 1.917053199, -0.8969710254, -0.2752921394, 0.0189838425, 2.127341811, 0.8167545688, 0.3201603434, -1.024046125, -0.6857683551, 1.024318573, -1.186143968, 0.02072729276, 0.005380523935, -0.7970733394, 0.9807144715, 2.40727582, -1.44470274, 0.9732945969, -1.003661022, 0.1945141604, -0.01197314503, -0.5378739912, -1.397016574, 0.2494478211, -1.1550029, -1.838839065, -1.842283657, 0.4502045653, -0.4827536496, -1.675615886, -0.5718748158, 0.3410472967, 0.7911932841, -0.1742089387, -0.5841809385, 0.8856761059, 0.2330119523, -0.5495870669, -1.514673469, 0.6943466804, -1.744618921, 0.3841208251, 1.376937516, -0.9580515099, 0.1568441813, 0.4262975602, 0.4100655466, 1.304326722, -0.03963025084, 0.7757727452, -0.4176434841, -2.509869919, 0.7651363333, -0.3518320662, -0.3015030738, -0.3699186756, -0.6788728696, 0.3805461934, 0.7835236758, -0.1265161734, 0.4150175274, -0.8251081788, 0.2219465277, 0.6418495992, 0.9197377346, -0.02588564012, -0.051122959, 0.8120213001, 0.5012856929, -0.2520921267, 0.09659902115, 0.4464116663, -0.5021667056, -0.758982022, 0.7430322991]",0.0,,,,2974.0,10.0,,,,,
scipy_newton_cg,quadratic_n100_k10,"[0, 0, 0, 0, 0, 0, 0, 0, 0, 0, 0, 0, 0, 0, 0, 0, 0, 0, 0, 0, 0, 0, 0, 0, 0, 0, 0, 0, 0, 0, 0, 0, 0, 0, 0, 0, 0, 0, 0, 0, 0, 0, 0, 0, 0, 0, 0, 0, 0, 0, 0, 0, 0, 0, 0, 0, 0, 0, 0, 0, 0, 0, 0, 0, 0, 0, 0, 0, 0, 0, 0, 0, 0, 0, 0, 0, 0, 0, 0, 0, 0, 0, 0, 0, 0, 0, 0, 0, 0, 0, 0, 0, 0, 0, 0, 0, 0, 0, 0, 0]","[0, 0, 0, 0, 0, 0, 0, 0, 0, 0, 0, 0, 0, 0, 0, 0, 0, 0, 0, 0, 0, 0, 0, 0, 0, 0, 0, 0, 0, 0, 0, 0, 0, 0, 0, 0, 0, 0, 0, 0, 0, 0, 0, 0, 0, 0, 0, 0, 0, 0, 0, 0, 0, 0, 0, 0, 0, 0, 0, 0, 0, 0, 0, 0, 0, 0, 0, 0, 0, 0, 0, 0, 0, 0, 0, 0, 0, 0, 0, 0, 0, 0, 0, 0, 0, 0, 0, 0, 0, 0, 0, 0, 0, 0, 0, 0, 0, 0, 0, 0]",0.0,43.91924965217229,0,1,1,0,False,scipy_not_installed,quadratic_grid,100.0,10.0,"[-0.1614054697, -0.4905856178, 0.3511903949, -0.5192232951, 0.5980528323, -1.092205598, 1.262692956, 0.7921003991, 0.3181979918, 0.7815036066, -1.494293272, -0.08951929757, 0.02141978656, 0.3296951562, -1.199707905, -0.5431245171, -2.990204294, 0.135182022, -0.4603101534, 0.4020298081, 0.1040412697, -1.499922771, -2.265377714, -0.76245248, -1.763974774, 1.917053199, -0.8969710254, -0.2752921394, 0.0189838425, 2.127341811, 0.8167545688, 0.3201603434, -1.024046125, -0.6857683551, 1.024318573, -1.186143968, 0.02072729276, 0.005380523935, -0.7970733394, 0.9807144715, 2.40727582, -1.44470274, 0.9732945969, -1.003661022, 0.1945141604, -0.01197314503, -0.5378739912, -1.397016574, 0.2494478211, -1.1550029, -1.838839065, -1.842283657, 0.4502045653, -0.4827536496, -1.675615886, -0.5718748158, 0.3410472967, 0.7911932841, -0.1742089387, -0.5841809385, 0.8856761059, 0.2330119523, -0.5495870669, -1.514673469, 0.6943466804, -1.744618921, 0.3841208251, 1.376937516, -0.9580515099, 0.1568441813, 0.4262975602, 0.4100655466, 1.304326722, -0.03963025084, 0.7757727452, -0.4176434841, -2.509869919, 0.7651363333, -0.3518320662, -0.3015030738, -0.3699186756, -0.6788728696, 0.3805461934, 0.7835236758, -0.1265161734, 0.4150175274, -0.8251081788, 0.2219465277, 0.6418495992, 0.9197377346, -0.02588564012, -0.051122959, 0.8120213001, 0.5012856929, -0.2520921267, 0.09659902115, 0.4464116663, -0.5021667056, -0.758982022, 0.7430322991]",,,,,,,not_installed,,,,
quadratic_cg,quadratic_n100_k100,"[0, 0, 0, 0, 0, 0, 0, 0, 0, 0, 0, 0, 0, 0, 0, 0, 0, 0, 0, 0, 0, 0, 0, 0, 0, 0, 0, 0, 0, 0, 0, 0, 0, 0, 0, 0, 0, 0, 0, 0, 0, 0, 0, 0, 0, 0, 0, 0, 0, 0, 0, 0, 0, 0, 0, 0, 0, 0, 0, 0, 0, 0, 0, 0, 0, 0, 0, 0, 0, 0, 0, 0, 0, 0, 0, 0, 0, 0, 0, 0, 0, 0, 0, 0, 0, 0, 0, 0, 0, 0, 0, 0, 0, 0, 0, 0, 0, 0, 0, 0]","[-0.2624814089, 0.7920373203, -0.7521027434, -1.524722225, 0.7094602823, -0.5816635299, -0.3872731299, -0.954467548, -2.861737045, 0.8573380519, 1.517489239, 0.5870366675, 0.9334827659, 0.6973900083, 1.513592283, -0.4220320348, -0.7854984655, -1.594599907, -2.625250601, -1.196254358, 0.4196717486, 1.758099545, -1.196813072, 0.8876779535, -0.02432730201, -0.2913805751, -0.7683092151, 0.1759006125, 0.8215597383, 0.06760612751, 0.09581237335, -0.5084182385, 0.08835124468, -2.337918767, -1.007738992, 0.01941382679, -0.32291402, -2.061315175, -1.96414383, -0.5824974939, -0.4335436256, -1.645776643, -0.5631715536, 0.4036023711, -0.6048707386, 0.2177091838, -2.741066737, 0.563947026, 0.7905370551, 0.4635322289, -0.3807749763, 0.5779678323, 0.1006832748, -1.157466927, 1.180958867, 1.233125578, 0.1421684379, -0.09838962421, 0.6661647382, 0.686769624, -0.2320440769, -0.4778211265, 0.1678762085, 1.09501088, -0.2786937155, -2.014079501, -0.689352427, -0.2551964836, 0.2089812041, 0.9267820336, 1.006298582, 0.4266035012, -0.1653364618, -0.361889161, -0.3728058622, -0.149615073, 0.09396487192, -0.5423443481, 0.2772871027, -1.816290086, 2.273552703, 1.389163718, 0.6218420771, -1.907054755, -1.245967733, 0.3285084738, 0.3436624562, -1.129122584, 0.6492594561, 1.951573995, -1.937605225, 0.2758409789, 0.9698364232, -1.762547747, 0.114802205, -0.1436078434, 0.223486301, 1.049951794, 0.4006326673, 0.3043100829]",-1104.3934236133941,7.674434828215762e-09,90,1,91,0,True,converged,quadratic_grid,100.0,100.0,"[-0.2624814091, 0.7920373204, -0.7521027432, -1.524722225, 0.7094602822, -0.5816635295, -0.3872731296, -0.954467548, -2.861737045, 0.857338052, 1.517489239, 0.5870366678, 0.9334827659, 0.6973900084, 1.513592282, -0.4220320347, -0.7854984653, -1.594599908, -2.625250601, -1.196254358, 0.4196717491, 1.758099545, -1.196813072, 0.8876779536, -0.0243273021, -0.2913805749, -0.7683092149, 0.1759006125, 0.821559738, 0.06760612766, 0.09581237328, -0.5084182385, 0.08835124492, -2.337918767, -1.007738992, 0.01941382678, -0.3229140202, -2.061315175, -1.96414383, -0.582497494, -0.4335436255, -1.645776643, -0.5631715534, 0.4036023711, -0.6048707388, 0.2177091837, -2.741066737, 0.563947026, 0.7905370553, 0.4635322284, -0.3807749764, 0.5779678322, 0.1006832751, -1.157466927, 1.180958867, 1.233125578, 0.1421684374, -0.09838962417, 0.6661647383, 0.6867696238, -0.2320440767, -0.4778211264, 0.1678762087, 1.09501088, -0.2786937153, -2.014079501, -0.6893524274, -0.2551964833, 0.2089812042, 0.9267820336, 1.006298582, 0.4266035016, -0.165336462, -0.3618891611, -0.3728058622, -0.1496150729, 0.09396487248, -0.5423443482, 0.2772871025, -1.816290086, 2.273552703, 1.389163718, 0.621842077, -1.907054755, -1.245967733, 0.3285084737, 0.343662456, -1.129122584, 0.649259456, 1.951573995, -1.937605225, 0.2758409789, 0.9698364232, -1.762547748, 0.114802205, -0.1436078432, 0.2234863011, 1.049951794, 0.4006326675, 0.3043100828]",,,,,,,,,,,
nonlinear_cg_fr,quadratic_n100_k100,"[0, 0, 0, 0, 0, 0, 0, 0, 0, 0, 0, 0, 0, 0, 0, 0, 0, 0, 0, 0, 0, 0, 0, 0, 0, 0, 0, 0, 0, 0, 0, 0, 0, 0, 0, 0, 0, 0, 0, 0, 0, 0, 0, 0, 0, 0, 0, 0, 0, 0, 0, 0, 0, 0, 0, 0, 0, 0, 0, 0, 0, 0, 0, 0, 0, 0, 0, 0, 0, 0, 0, 0, 0, 0, 0, 0, 0, 0, 0, 0, 0, 0, 0, 0, 0, 0, 0, 0, 0, 0, 0, 0, 0, 0, 0, 0, 0, 0, 0, 0]","[-0.2624813907, 0.7920373168, -0.75210273, -1.524722224, 0.7094603084, -0.5816636333, -0.3872730655, -0.9544675921, -2.861736968, 0.8573380318, 1.517489213, 0.587036604, 0.9334827272, 0.6973900056, 1.513592335, -0.4220320576, -0.7854985208, -1.59459998, -2.625250618, -1.196254426, 0.4196717283, 1.758099585, -1.196813117, 0.8876779751, -0.02432731168, -0.2913806505, -0.7683092028, 0.1759006495, 0.821559689, 0.06760610598, 0.09581238264, -0.5084181975, 0.0883512175, -2.337918716, -1.007738935, 0.01941388036, -0.3229140488, -2.061315214, -1.964143857, -0.5824974561, -0.4335436669, -1.645776581, -0.5631715834, 0.4036024463, -0.604870752, 0.2177092257, -2.741066677, 0.56394702, 0.7905369823, 0.463532125, -0.3807749907, 0.577967908, 0.1006832845, -1.157466933, 1.18095885, 1.233125574, 0.1421684932, -0.09838961179, 0.6661647109, 0.6867696055, -0.2320440881, -0.4778211464, 0.1678762425, 1.095010804, -0.2786937244, -2.014079495, -0.6893523883, -0.2551964521, 0.2089812073, 0.9267819077, 1.006298631, 0.426603467, -0.1653364709, -0.3618891272, -0.3728058574, -0.1496151886, 0.09396487109, -0.5423443758, 0.2772870998, -1.816290021, 2.273552704, 1.389163641, 0.6218421021, -1.907054706, -1.245967694, 0.3285083644, 0.3436624678, -1.129122669, 0.6492594178, 1.951573995, -1.93760526, 0.2758410399, 0.9698364557, -1.762547791, 0.1148021025, -0.1436078314, 0.2234863039, 1.049951747, 0.4006326566, 0.3043101172]",-1104.393423613395,1.4453010018765343e-06,3000,128533,3001,0,False,max_iter_reached,quadratic_grid,100.0,100.0,"[-0.2624814091, 0.7920373204, -0.7521027432, -1.524722225, 0.7094602822, -0.5816635295, -0.3872731296, -0.954467548, -2.861737045, 0.857338052, 1.517489239, 0.5870366678, 0.9334827659, 0.6973900084, 1.513592282, -0.4220320347, -0.7854984653, -1.594599908, -2.625250601, -1.196254358, 0.4196717491, 1.758099545, -1.196813072, 0.8876779536, -0.0243273021, -0.2913805749, -0.7683092149, 0.1759006125, 0.821559738, 0.06760612766, 0.09581237328, -0.5084182385, 0.08835124492, -2.337918767, -1.007738992, 0.01941382678, -0.3229140202, -2.061315175, -1.96414383, -0.582497494, -0.4335436255, -1.645776643, -0.5631715534, 0.4036023711, -0.6048707388, 0.2177091837, -2.741066737, 0.563947026, 0.7905370553, 0.4635322284, -0.3807749764, 0.5779678322, 0.1006832751, -1.157466927, 1.180958867, 1.233125578, 0.1421684374, -0.09838962417, 0.6661647383, 0.6867696238, -0.2320440767, -0.4778211264, 0.1678762087, 1.09501088, -0.2786937153, -2.014079501, -0.6893524274, -0.2551964833, 0.2089812042, 0.9267820336, 1.006298582, 0.4266035016, -0.165336462, -0.3618891611, -0.3728058622, -0.1496150729, 0.09396487248, -0.5423443482, 0.2772871025, -1.816290086, 2.273552703, 1.389163718, 0.621842077, -1.907054755, -1.245967733, 0.3285084737, 0.343662456, -1.129122584, 0.649259456, 1.951573995, -1.937605225, 0.2758409789, 0.9698364232, -1.762547748, 0.114802205, -0.1436078432, 0.2234863011, 1.049951794, 0.4006326675, 0.3043100828]",4.0,,,,,,,,,,
nonlinear_cg_pr,quadratic_n100_k100,"[0, 0, 0, 0, 0, 0, 0, 0, 0, 0, 0, 0, 0, 0, 0, 0, 0, 0, 0, 0, 0, 0, 0, 0, 0, 0, 0, 0, 0, 0, 0, 0, 0, 0, 0, 0, 0, 0, 0, 0, 0, 0, 0, 0, 0, 0, 0, 0, 0, 0, 0, 0, 0, 0, 0, 0, 0, 0, 0, 0, 0, 0, 0, 0, 0, 0, 0, 0, 0, 0, 0, 0, 0, 0, 0, 0, 0, 0, 0, 0, 0, 0, 0, 0, 0, 0, 0, 0, 0, 0, 0, 0, 0, 0, 0, 0, 0, 0, 0, 0]","[-0.2624814375, 0.792037409, -0.7521026899, -1.524722281, 0.7094602622, -0.5816635777, -0.387273174, -0.9544676411, -2.861737012, 0.8573380111, 1.517489272, 0.5870367425, 0.9334827477, 0.6973899965, 1.513592399, -0.4220320344, -0.7854984865, -1.594599941, -2.625250524, -1.196254275, 0.4196717554, 1.758099649, -1.196813071, 0.8876778598, -0.02432738591, -0.2913805425, -0.7683092387, 0.175900711, 0.8215597663, 0.06760620706, 0.09581238734, -0.5084181747, 0.0883512743, -2.337918756, -1.007739099, 0.01941388401, -0.3229140032, -2.061315168, -1.964143664, -0.5824974649, -0.4335436437, -1.645776698, -0.5631715393, 0.4036024361, -0.6048706398, 0.217709182, -2.741066724, 0.5639470683, 0.7905370459, 0.4635322636, -0.3807749498, 0.5779678031, 0.1006833579, -1.157466921, 1.180958812, 1.233125588, 0.1421683391, -0.09838962549, 0.6661647331, 0.6867695818, -0.2320441546, -0.4778211387, 0.1678761928, 1.095010816, -0.2786937744, -2.014079462, -0.6893523365, -0.2551964847, 0.208981112, 0.9267819983, 1.006298636, 0.4266034825, -0.1653363865, -0.3618892234, -0.372805933, -0.1496150879, 0.09396481154, -0.5423442888, 0.2772871111, -1.81629006, 2.273552613, 1.389163659, 0.6218421169, -1.907054759, -1.245967732, 0.3285085348, 0.3436624619, -1.129122503, 0.6492594352, 1.951573922, -1.937605164, 0.2758410841, 0.9698365113, -1.762547702, 0.1148021771, -0.143607826, 0.2234862835, 1.049951793, 0.4006326663, 0.3043100661]",-1104.3934236133948,1.298114565525616e-06,3000,112662,3001,0,False,max_iter_reached,quadratic_grid,100.0,100.0,"[-0.2624814091, 0.7920373204, -0.7521027432, -1.524722225, 0.7094602822, -0.5816635295, -0.3872731296, -0.954467548, -2.861737045, 0.857338052, 1.517489239, 0.5870366678, 0.9334827659, 0.6973900084, 1.513592282, -0.4220320347, -0.7854984653, -1.594599908, -2.625250601, -1.196254358, 0.4196717491, 1.758099545, -1.196813072, 0.8876779536, -0.0243273021, -0.2913805749, -0.7683092149, 0.1759006125, 0.821559738, 0.06760612766, 0.09581237328, -0.5084182385, 0.08835124492, -2.337918767, -1.007738992, 0.01941382678, -0.3229140202, -2.061315175, -1.96414383, -0.582497494, -0.4335436255, -1.645776643, -0.5631715534, 0.4036023711, -0.6048707388, 0.2177091837, -2.741066737, 0.563947026, 0.7905370553, 0.4635322284, -0.3807749764, 0.5779678322, 0.1006832751, -1.157466927, 1.180958867, 1.233125578, 0.1421684374, -0.09838962417, 0.6661647383, 0.6867696238, -0.2320440767, -0.4778211264, 0.1678762087, 1.09501088, -0.2786937153, -2.014079501, -0.6893524274, -0.2551964833, 0.2089812042, 0.9267820336, 1.006298582, 0.4266035016, -0.165336462, -0.3618891611, -0.3728058622, -0.1496150729, 0.09396487248, -0.5423443482, 0.2772871025, -1.816290086, 2.273552703, 1.389163718, 0.621842077, -1.907054755, -1.245967733, 0.3285084737, 0.343662456, -1.129122584, 0.649259456, 1.951573995, -1.937605225, 0.2758409789, 0.9698364232, -1.762547748, 0.114802205, -0.1436078432, 0.2234863011, 1.049951794, 0.4006326675, 0.3043100828]",22.0,,,,,,,,,,
newton_cholesky,quadratic_n100_k100,"[0, 0, 0, 0, 0, 0, 0, 0, 0, 0, 0, 0, 0, 0, 0, 0, 0, 0, 0, 0, 0, 0, 0, 0, 0, 0, 0, 0, 0, 0, 0, 0, 0, 0, 0, 0, 0, 0, 0, 0, 0, 0, 0, 0, 0, 0, 0, 0, 0, 0, 0, 0, 0, 0, 0, 0, 0, 0, 0, 0, 0, 0, 0, 0, 0, 0, 0, 0, 0, 0, 0, 0, 0, 0, 0, 0, 0, 0, 0, 0, 0, 0, 0, 0, 0, 0, 0, 0, 0, 0, 0, 0, 0, 0, 0, 0, 0, 0, 0, 0]","[-0.2624814091, 0.7920373204, -0.7521027432, -1.524722225, 0.7094602822, -0.5816635295, -0.3872731296, -0.954467548, -2.861737045, 0.857338052, 1.517489239, 0.5870366678, 0.9334827659, 0.6973900084, 1.513592282, -0.4220320347, -0.7854984653, -1.594599908, -2.625250601, -1.196254358, 0.4196717491, 1.758099545, -1.196813072, 0.8876779536, -0.0243273021, -0.2913805749, -0.7683092149, 0.1759006125, 0.821559738, 0.06760612766, 0.09581237328, -0.5084182385, 0.08835124492, -2.337918767, -1.007738992, 0.01941382678, -0.3229140202, -2.061315175, -1.96414383, -0.582497494, -0.4335436255, -1.645776643, -0.5631715534, 0.4036023711, -0.6048707388, 0.2177091837, -2.741066737, 0.563947026, 0.7905370553, 0.4635322284, -0.3807749764, 0.5779678322, 0.1006832751, -1.157466927, 1.180958867, 1.233125578, 0.1421684374, -0.09838962417, 0.6661647383, 0.6867696238, -0.2320440767, -0.4778211264, 0.1678762087, 1.09501088, -0.2786937153, -2.014079501, -0.6893524274, -0.2551964833, 0.2089812042, 0.9267820336, 1.006298582, 0.4266035016, -0.165336462, -0.3618891611, -0.3728058622, -0.1496150729, 0.09396487248, -0.5423443482, 0.2772871025, -1.816290086, 2.273552703, 1.389163718, 0.621842077, -1.907054755, -1.245967733, 0.3285084737, 0.343662456, -1.129122584, 0.649259456, 1.951573995, -1.937605225, 0.2758409789, 0.9698364232, -1.762547748, 0.114802205, -0.1436078432, 0.2234863011, 1.049951794, 0.4006326675, 0.3043100828]",-1104.393423613394,1.159379065676413e-13,1,1,2,1,True,converged,quadratic_grid,100.0,100.0,"[-0.2624814091, 0.7920373204, -0.7521027432, -1.524722225, 0.7094602822, -0.5816635295, -0.3872731296, -0.954467548, -2.861737045, 0.857338052, 1.517489239, 0.5870366678, 0.9334827659, 0.6973900084, 1.513592282, -0.4220320347, -0.7854984653, -1.594599908, -2.625250601, -1.196254358, 0.4196717491, 1.758099545, -1.196813072, 0.8876779536, -0.0243273021, -0.2913805749, -0.7683092149, 0.1759006125, 0.821559738, 0.06760612766, 0.09581237328, -0.5084182385, 0.08835124492, -2.337918767, -1.007738992, 0.01941382678, -0.3229140202, -2.061315175, -1.96414383, -0.582497494, -0.4335436255, -1.645776643, -0.5631715534, 0.4036023711, -0.6048707388, 0.2177091837, -2.741066737, 0.563947026, 0.7905370553, 0.4635322284, -0.3807749764, 0.5779678322, 0.1006832751, -1.157466927, 1.180958867, 1.233125578, 0.1421684374, -0.09838962417, 0.6661647383, 0.6867696238, -0.2320440767, -0.4778211264, 0.1678762087, 1.09501088, -0.2786937153, -2.014079501, -0.6893524274, -0.2551964833, 0.2089812042, 0.9267820336, 1.006298582, 0.4266035016, -0.165336462, -0.3618891611, -0.3728058622, -0.1496150729, 0.09396487248, -0.5423443482, 0.2772871025, -1.816290086, 2.273552703, 1.389163718, 0.621842077, -1.907054755, -1.245967733, 0.3285084737, 0.343662456, -1.129122584, 0.649259456, 1.951573995, -1.937605225, 0.2758409789, 0.9698364232, -1.762547748, 0.114802205, -0.1436078432, 0.2234863011, 1.049951794, 0.4006326675, 0.3043100828]",,,,,,,,,,,
newton_direction,quadratic_n100_k100,"[0, 0, 0, 0, 0, 0, 0, 0, 0, 0, 0, 0, 0, 0, 0, 0, 0, 0, 0, 0, 0, 0, 0, 0, 0, 0, 0, 0, 0, 0, 0, 0, 0, 0, 0, 0, 0, 0, 0, 0, 0, 0, 0, 0, 0, 0, 0, 0, 0, 0, 0, 0, 0, 0, 0, 0, 0, 0, 0, 0, 0, 0, 0, 0, 0, 0, 0, 0, 0, 0, 0, 0, 0, 0, 0, 0, 0, 0, 0, 0, 0, 0, 0, 0, 0, 0, 0, 0, 0, 0, 0, 0, 0, 0, 0, 0, 0, 0, 0, 0]","[-0.2624814091, 0.7920373204, -0.7521027432, -1.524722225, 0.7094602822, -0.5816635295, -0.3872731296, -0.954467548, -2.861737045, 0.857338052, 1.517489239, 0.5870366678, 0.9334827659, 0.6973900084, 1.513592282, -0.4220320347, -0.7854984653, -1.594599908, -2.625250601, -1.196254358, 0.4196717491, 1.758099545, -1.196813072, 0.8876779536, -0.0243273021, -0.2913805749, -0.7683092149, 0.1759006125, 0.821559738, 0.06760612766, 0.09581237328, -0.5084182385, 0.08835124492, -2.337918767, -1.007738992, 0.01941382678, -0.3229140202, -2.061315175, -1.96414383, -0.582497494, -0.4335436255, -1.645776643, -0.5631715534, 0.4036023711, -0.6048707388, 0.2177091837, -2.741066737, 0.563947026, 0.7905370553, 0.4635322284, -0.3807749764, 0.5779678322, 0.1006832751, -1.157466927, 1.180958867, 1.233125578, 0.1421684374, -0.09838962417, 0.6661647383, 0.6867696238, -0.2320440767, -0.4778211264, 0.1678762087, 1.09501088, -0.2786937153, -2.014079501, -0.6893524274, -0.2551964833, 0.2089812042, 0.9267820336, 1.006298582, 0.4266035016, -0.165336462, -0.3618891611, -0.3728058622, -0.1496150729, 0.09396487248, -0.5423443482, 0.2772871025, -1.816290086, 2.273552703, 1.389163718, 0.621842077, -1.907054755, -1.245967733, 0.3285084737, 0.343662456, -1.129122584, 0.649259456, 1.951573995, -1.937605225, 0.2758409789, 0.9698364232, -1.762547748, 0.114802205, -0.1436078432, 0.2234863011, 1.049951794, 0.4006326675, 0.3043100828]",-1104.3934236133941,1.0799314618431782e-13,1,3,3,1,True,converged,quadratic_grid,100.0,100.0,"[-0.2624814091, 0.7920373204, -0.7521027432, -1.524722225, 0.7094602822, -0.5816635295, -0.3872731296, -0.954467548, -2.861737045, 0.857338052, 1.517489239, 0.5870366678, 0.9334827659, 0.6973900084, 1.513592282, -0.4220320347, -0.7854984653, -1.594599908, -2.625250601, -1.196254358, 0.4196717491, 1.758099545, -1.196813072, 0.8876779536, -0.0243273021, -0.2913805749, -0.7683092149, 0.1759006125, 0.821559738, 0.06760612766, 0.09581237328, -0.5084182385, 0.08835124492, -2.337918767, -1.007738992, 0.01941382678, -0.3229140202, -2.061315175, -1.96414383, -0.582497494, -0.4335436255, -1.645776643, -0.5631715534, 0.4036023711, -0.6048707388, 0.2177091837, -2.741066737, 0.563947026, 0.7905370553, 0.4635322284, -0.3807749764, 0.5779678322, 0.1006832751, -1.157466927, 1.180958867, 1.233125578, 0.1421684374, -0.09838962417, 0.6661647383, 0.6867696238, -0.2320440767, -0.4778211264, 0.1678762087, 1.09501088, -0.2786937153, -2.014079501, -0.6893524274, -0.2551964833, 0.2089812042, 0.9267820336, 1.006298582, 0.4266035016, -0.165336462, -0.3618891611, -0.3728058622, -0.1496150729, 0.09396487248, -0.5423443482, 0.2772871025, -1.816290086, 2.273552703, 1.389163718, 0.621842077, -1.907054755, -1.245967733, 0.3285084737, 0.343662456, -1.129122584, 0.649259456, 1.951573995, -1.937605225, 0.2758409789, 0.9698364232, -1.762547748, 0.114802205, -0.1436078432, 0.2234863011, 1.049951794, 0.4006326675, 0.3043100828]",,0.0,,,,,,,,,
dogleg,quadratic_n100_k100,"[0, 0, 0, 0, 0, 0, 0, 0, 0, 0, 0, 0, 0, 0, 0, 0, 0, 0, 0, 0, 0, 0, 0, 0, 0, 0, 0, 0, 0, 0, 0, 0, 0, 0, 0, 0, 0, 0, 0, 0, 0, 0, 0, 0, 0, 0, 0, 0, 0, 0, 0, 0, 0, 0, 0, 0, 0, 0, 0, 0, 0, 0, 0, 0, 0, 0, 0, 0, 0, 0, 0, 0, 0, 0, 0, 0, 0, 0, 0, 0, 0, 0, 0, 0, 0, 0, 0, 0, 0, 0, 0, 0, 0, 0, 0, 0, 0, 0, 0, 0]","[-0.2624814091, 0.7920373204, -0.7521027432, -1.524722225, 0.7094602822, -0.5816635295, -0.3872731296, -0.954467548, -2.861737045, 0.857338052, 1.517489239, 0.5870366678, 0.9334827659, 0.6973900084, 1.513592282, -0.4220320347, -0.7854984653, -1.594599908, -2.625250601, -1.196254358, 0.4196717491, 1.758099545, -1.196813072, 0.8876779536, -0.0243273021, -0.2913805749, -0.7683092149, 0.1759006125, 0.821559738, 0.06760612766, 0.09581237328, -0.5084182385, 0.08835124492, -2.337918767, -1.007738992, 0.01941382678, -0.3229140202, -2.061315175, -1.96414383, -0.582497494, -0.4335436255, -1.645776643, -0.5631715534, 0.4036023711, -0.6048707388, 0.2177091837, -2.741066737, 0.563947026, 0.7905370553, 0.4635322284, -0.3807749764, 0.5779678322, 0.1006832751, -1.157466927, 1.180958867, 1.233125578, 0.1421684374, -0.09838962417, 0.6661647383, 0.6867696238, -0.2320440767, -0.4778211264, 0.1678762087, 1.09501088, -0.2786937153, -2.014079501, -0.6893524274, -0.2551964833, 0.2089812042, 0.9267820336, 1.006298582, 0.4266035016, -0.165336462, -0.3618891611, -0.3728058622, -0.1496150729, 0.09396487248, -0.5423443482, 0.2772871025, -1.816290086, 2.273552703, 1.389163718, 0.621842077, -1.907054755, -1.245967733, 0.3285084737, 0.343662456, -1.129122584, 0.649259456, 1.951573995, -1.937605225, 0.2758409789, 0.9698364232, -1.762547748, 0.114802205, -0.1436078432, 0.2234863011, 1.049951794, 0.4006326675, 0.3043100828]",-1104.3934236133941,1.0153340102968327e-13,4,9,5,4,True,converged,quadratic_grid,100.0,100.0,"[-0.2624814091, 0.7920373204, -0.7521027432, -1.524722225, 0.7094602822, -0.5816635295, -0.3872731296, -0.954467548, -2.861737045, 0.857338052, 1.517489239, 0.5870366678, 0.9334827659, 0.6973900084, 1.513592282, -0.4220320347, -0.7854984653, -1.594599908, -2.625250601, -1.196254358, 0.4196717491, 1.758099545, -1.196813072, 0.8876779536, -0.0243273021, -0.2913805749, -0.7683092149, 0.1759006125, 0.821559738, 0.06760612766, 0.09581237328, -0.5084182385, 0.08835124492, -2.337918767, -1.007738992, 0.01941382678, -0.3229140202, -2.061315175, -1.96414383, -0.582497494, -0.4335436255, -1.645776643, -0.5631715534, 0.4036023711, -0.6048707388, 0.2177091837, -2.741066737, 0.563947026, 0.7905370553, 0.4635322284, -0.3807749764, 0.5779678322, 0.1006832751, -1.157466927, 1.180958867, 1.233125578, 0.1421684374, -0.09838962417, 0.6661647383, 0.6867696238, -0.2320440767, -0.4778211264, 0.1678762087, 1.09501088, -0.2786937153, -2.014079501, -0.6893524274, -0.2551964833, 0.2089812042, 0.9267820336, 1.006298582, 0.4266035016, -0.165336462, -0.3618891611, -0.3728058622, -0.1496150729, 0.09396487248, -0.5423443482, 0.2772871025, -1.816290086, 2.273552703, 1.389163718, 0.621842077, -1.907054755, -1.245967733, 0.3285084737, 0.343662456, -1.129122584, 0.649259456, 1.951573995, -1.937605225, 0.2758409789, 0.9698364232, -1.762547748, 0.114802205, -0.1436078432, 0.2234863011, 1.049951794, 0.4006326675, 0.3043100828]",,,4.0,8.0,,,,,,,
dfp,quadratic_n100_k100,"[0, 0, 0, 0, 0, 0, 0, 0, 0, 0, 0, 0, 0, 0, 0, 0, 0, 0, 0, 0, 0, 0, 0, 0, 0, 0, 0, 0, 0, 0, 0, 0, 0, 0, 0, 0, 0, 0, 0, 0, 0, 0, 0, 0, 0, 0, 0, 0, 0, 0, 0, 0, 0, 0, 0, 0, 0, 0, 0, 0, 0, 0, 0, 0, 0, 0, 0, 0, 0, 0, 0, 0, 0, 0, 0, 0, 0, 0, 0, 0, 0, 0, 0, 0, 0, 0, 0, 0, 0, 0, 0, 0, 0, 0, 0, 0, 0, 0, 0, 0]","[-0.262481411, 0.7920373195, -0.7521027487, -1.524722225, 0.7094602814, -0.5816635299, -0.3872731336, -0.9544675422, -2.861737043, 0.8573380493, 1.517489245, 0.5870366708, 0.9334827673, 0.6973900111, 1.513592287, -0.4220320364, -0.7854984652, -1.594599906, -2.625250601, -1.196254359, 0.4196717509, 1.758099547, -1.196813075, 0.8876779625, -0.0243273048, -0.2913805799, -0.7683092155, 0.1759006098, 0.8215597387, 0.06760612404, 0.09581236594, -0.5084182355, 0.08835124988, -2.337918769, -1.007738992, 0.01941382215, -0.3229140239, -2.061315175, -1.964143832, -0.5824974959, -0.433543625, -1.645776639, -0.5631715616, 0.4036023742, -0.6048707372, 0.2177091853, -2.74106673, 0.5639470251, 0.7905370532, 0.4635322293, -0.3807749815, 0.577967833, 0.1006832771, -1.157466922, 1.180958871, 1.233125575, 0.1421684432, -0.0983896254, 0.6661647411, 0.686769615, -0.2320440748, -0.4778211184, 0.1678762105, 1.095010882, -0.2786937129, -2.014079501, -0.6893524235, -0.2551964864, 0.2089812066, 0.9267820293, 1.006298581, 0.4266034925, -0.1653364655, -0.3618891653, -0.3728058609, -0.1496150789, 0.09396487165, -0.5423443434, 0.2772871039, -1.816290086, 2.273552702, 1.389163714, 0.6218420862, -1.907054753, -1.245967739, 0.3285084673, 0.343662448, -1.129122586, 0.6492594565, 1.951573995, -1.937605221, 0.2758409825, 0.9698364288, -1.762547747, 0.1148022042, -0.1436078424, 0.2234863, 1.04995179, 0.4006326607, 0.3043100863]",-1104.3934236133946,2.01851946649703e-07,3000,102237,6001,0,False,max_iter_reached,quadratic_grid,100.0,100.0,"[-0.2624814091, 0.7920373204, -0.7521027432, -1.524722225, 0.7094602822, -0.5816635295, -0.3872731296, -0.954467548, -2.861737045, 0.857338052, 1.517489239, 0.5870366678, 0.9334827659, 0.6973900084, 1.513592282, -0.4220320347, -0.7854984653, -1.594599908, -2.625250601, -1.196254358, 0.4196717491, 1.758099545, -1.196813072, 0.8876779536, -0.0243273021, -0.2913805749, -0.7683092149, 0.1759006125, 0.821559738, 0.06760612766, 0.09581237328, -0.5084182385, 0.08835124492, -2.337918767, -1.007738992, 0.01941382678, -0.3229140202, -2.061315175, -1.96414383, -0.582497494, -0.4335436255, -1.645776643, -0.5631715534, 0.4036023711, -0.6048707388, 0.2177091837, -2.741066737, 0.563947026, 0.7905370553, 0.4635322284, -0.3807749764, 0.5779678322, 0.1006832751, -1.157466927, 1.180958867, 1.233125578, 0.1421684374, -0.09838962417, 0.6661647383, 0.6867696238, -0.2320440767, -0.4778211264, 0.1678762087, 1.09501088, -0.2786937153, -2.014079501, -0.6893524274, -0.2551964833, 0.2089812042, 0.9267820336, 1.006298582, 0.4266035016, -0.165336462, -0.3618891611, -0.3728058622, -0.1496150729, 0.09396487248, -0.5423443482, 0.2772871025, -1.816290086, 2.273552703, 1.389163718, 0.621842077, -1.907054755, -1.245967733, 0.3285084737, 0.343662456, -1.129122584, 0.649259456, 1.951573995, -1.937605225, 0.2758409789, 0.9698364232, -1.762547748, 0.114802205, -0.1436078432, 0.2234863011, 1.049951794, 0.4006326675, 0.3043100828]",0.0,,,,2919.0,,,,,,
bfgs,quadratic_n100_k100,"[0, 0, 0, 0, 0, 0, 0, 0, 0, 0, 0, 0, 0, 0, 0, 0, 0, 0, 0, 0, 0, 0, 0, 0, 0, 0, 0, 0, 0, 0, 0, 0, 0, 0, 0, 0, 0, 0, 0, 0, 0, 0, 0, 0, 0, 0, 0, 0, 0, 0, 0, 0, 0, 0, 0, 0, 0, 0, 0, 0, 0, 0, 0, 0, 0, 0, 0, 0, 0, 0, 0, 0, 0, 0, 0, 0, 0, 0, 0, 0, 0, 0, 0, 0, 0, 0, 0, 0, 0, 0, 0, 0, 0, 0, 0, 0, 0, 0, 0, 0]","[-0.2624814074, 0.792037314, -0.7521027361, -1.524722236, 0.70946028, -0.5816635255, -0.3872731343, -0.9544675639, -2.861737046, 0.8573380572, 1.517489247, 0.5870366743, 0.9334827716, 0.6973900105, 1.513592272, -0.4220320323, -0.7854984509, -1.594599897, -2.625250609, -1.19625437, 0.4196717494, 1.758099542, -1.19681309, 0.8876779463, -0.02432730563, -0.2913805686, -0.7683092226, 0.1759006192, 0.8215597362, 0.0676061398, 0.0958123755, -0.5084182453, 0.08835123371, -2.337918762, -1.007739001, 0.01941382097, -0.3229140146, -2.061315178, -1.964143843, -0.5824974909, -0.4335436188, -1.645776646, -0.5631715477, 0.4036023673, -0.604870743, 0.2177091848, -2.741066747, 0.5639470282, 0.7905370553, 0.4635322401, -0.3807749727, 0.5779678273, 0.1006832859, -1.157466938, 1.180958865, 1.233125563, 0.1421684233, -0.09838963392, 0.6661647485, 0.6867696202, -0.2320440825, -0.4778211421, 0.1678762015, 1.095010893, -0.2786937247, -2.01407949, -0.689352434, -0.255196482, 0.2089812056, 0.9267820462, 1.006298572, 0.4266035018, -0.1653364596, -0.3618891601, -0.3728058669, -0.149615069, 0.09396487171, -0.542344338, 0.2772871071, -1.816290088, 2.273552714, 1.389163727, 0.621842066, -1.90705476, -1.245967716, 0.3285084829, 0.3436624498, -1.129122581, 0.6492594586, 1.951573993, -1.937605229, 0.2758409625, 0.9698364227, -1.762547749, 0.1148022101, -0.1436078438, 0.2234862844, 1.049951787, 0.4006326663, 0.3043100916]",-1104.3934236133948,4.657025713419387e-07,3000,107995,6001,0,False,max_iter_reached,quadratic_grid,100.0,100.0,"[-0.2624814091, 0.7920373204, -0.7521027432, -1.524722225, 0.7094602822, -0.5816635295, -0.3872731296, -0.954467548, -2.861737045, 0.857338052, 1.517489239, 0.5870366678, 0.9334827659, 0.6973900084, 1.513592282, -0.4220320347, -0.7854984653, -1.594599908, -2.625250601, -1.196254358, 0.4196717491, 1.758099545, -1.196813072, 0.8876779536, -0.0243273021, -0.2913805749, -0.7683092149, 0.1759006125, 0.821559738, 0.06760612766, 0.09581237328, -0.5084182385, 0.08835124492, -2.337918767, -1.007738992, 0.01941382678, -0.3229140202, -2.061315175, -1.96414383, -0.582497494, -0.4335436255, -1.645776643, -0.5631715534, 0.4036023711, -0.6048707388, 0.2177091837, -2.741066737, 0.563947026, 0.7905370553, 0.4635322284, -0.3807749764, 0.5779678322, 0.1006832751, -1.157466927, 1.180958867, 1.233125578, 0.1421684374, -0.09838962417, 0.6661647383, 0.6867696238, -0.2320440767, -0.4778211264, 0.1678762087, 1.09501088, -0.2786937153, -2.014079501, -0.6893524274, -0.2551964833, 0.2089812042, 0.9267820336, 1.006298582, 0.4266035016, -0.165336462, -0.3618891611, -0.3728058622, -0.1496150729, 0.09396487248, -0.5423443482, 0.2772871025, -1.816290086, 2.273552703, 1.389163718, 0.621842077, -1.907054755, -1.245967733, 0.3285084737, 0.343662456, -1.129122584, 0.649259456, 1.951573995, -1.937605225, 0.2758409789, 0.9698364232, -1.762547748, 0.114802205, -0.1436078432, 0.2234863011, 1.049951794, 0.4006326675, 0.3043100828]",0.0,,,,2913.0,,,,,,
lbfgs,quadratic_n100_k100,"[0, 0, 0, 0, 0, 0, 0, 0, 0, 0, 0, 0, 0, 0, 0, 0, 0, 0, 0, 0, 0, 0, 0, 0, 0, 0, 0, 0, 0, 0, 0, 0, 0, 0, 0, 0, 0, 0, 0, 0, 0, 0, 0, 0, 0, 0, 0, 0, 0, 0, 0, 0, 0, 0, 0, 0, 0, 0, 0, 0, 0, 0, 0, 0, 0, 0, 0, 0, 0, 0, 0, 0, 0, 0, 0, 0, 0, 0, 0, 0, 0, 0, 0, 0, 0, 0, 0, 0, 0, 0, 0, 0, 0, 0, 0, 0, 0, 0, 0, 0]","[-0.2624812669, 0.7920373071, -0.7521027757, -1.524722237, 0.7094602144, -0.58166344, -0.3872730704, -0.9544675717, -2.861736902, 0.857338042, 1.517489385, 0.5870363345, 0.9334828374, 0.6973900406, 1.513592425, -0.4220322098, -0.7854985762, -1.594600041, -2.625250604, -1.196254429, 0.4196717491, 1.758099552, -1.196813151, 0.8876780133, -0.02432730848, -0.291380321, -0.7683088794, 0.1759006047, 0.8215597798, 0.06760611685, 0.09581216318, -0.5084183111, 0.08835119769, -2.337919046, -1.007738957, 0.01941380216, -0.3229140934, -2.061315402, -1.964143838, -0.5824977956, -0.4335437772, -1.645776549, -0.5631714329, 0.4036025839, -0.6048709575, 0.2177093609, -2.741066666, 0.5639469391, 0.7905368789, 0.4635321469, -0.3807751027, 0.5779678053, 0.1006832583, -1.157466813, 1.180958824, 1.233125498, 0.142168526, -0.09838960643, 0.666164538, 0.6867695927, -0.2320440312, -0.4778211885, 0.1678761531, 1.095010651, -0.278693972, -2.0140793, -0.6893523799, -0.2551965881, 0.2089813424, 0.9267821264, 1.006298662, 0.4266034479, -0.1653364082, -0.3618891195, -0.3728057706, -0.1496152185, 0.09396484125, -0.5423441371, 0.2772870026, -1.816290104, 2.273552715, 1.389163698, 0.6218420434, -1.907054711, -1.245967625, 0.3285085404, 0.3436626058, -1.12912249, 0.6492595203, 1.951573876, -1.93760548, 0.2758409328, 0.9698364468, -1.762547978, 0.1148021709, -0.1436080407, 0.2234862687, 1.049951695, 0.4006327487, 0.3043101365]",-1104.3934236133935,3.0443504735589624e-06,3000,238750,6098,0,False,max_iter_reached,quadratic_grid,100.0,100.0,"[-0.2624814091, 0.7920373204, -0.7521027432, -1.524722225, 0.7094602822, -0.5816635295, -0.3872731296, -0.954467548, -2.861737045, 0.857338052, 1.517489239, 0.5870366678, 0.9334827659, 0.6973900084, 1.513592282, -0.4220320347, -0.7854984653, -1.594599908, -2.625250601, -1.196254358, 0.4196717491, 1.758099545, -1.196813072, 0.8876779536, -0.0243273021, -0.2913805749, -0.7683092149, 0.1759006125, 0.821559738, 0.06760612766, 0.09581237328, -0.5084182385, 0.08835124492, -2.337918767, -1.007738992, 0.01941382678, -0.3229140202, -2.061315175, -1.96414383, -0.582497494, -0.4335436255, -1.645776643, -0.5631715534, 0.4036023711, -0.6048707388, 0.2177091837, -2.741066737, 0.563947026, 0.7905370553, 0.4635322284, -0.3807749764, 0.5779678322, 0.1006832751, -1.157466927, 1.180958867, 1.233125578, 0.1421684374, -0.09838962417, 0.6661647383, 0.6867696238, -0.2320440767, -0.4778211264, 0.1678762087, 1.09501088, -0.2786937153, -2.014079501, -0.6893524274, -0.2551964833, 0.2089812042, 0.9267820336, 1.006298582, 0.4266035016, -0.165336462, -0.3618891611, -0.3728058622, -0.1496150729, 0.09396487248, -0.5423443482, 0.2772871025, -1.816290086, 2.273552703, 1.389163718, 0.621842077, -1.907054755, -1.245967733, 0.3285084737, 0.343662456, -1.129122584, 0.649259456, 1.951573995, -1.937605225, 0.2758409789, 0.9698364232, -1.762547748, 0.114802205, -0.1436078432, 0.2234863011, 1.049951794, 0.4006326675, 0.3043100828]",0.0,,,,2915.0,10.0,,,,,
scipy_newton_cg,quadratic_n100_k100,"[0, 0, 0, 0, 0, 0, 0, 0, 0, 0, 0, 0, 0, 0, 0, 0, 0, 0, 0, 0, 0, 0, 0, 0, 0, 0, 0, 0, 0, 0, 0, 0, 0, 0, 0, 0, 0, 0, 0, 0, 0, 0, 0, 0, 0, 0, 0, 0, 0, 0, 0, 0, 0, 0, 0, 0, 0, 0, 0, 0, 0, 0, 0, 0, 0, 0, 0, 0, 0, 0, 0, 0, 0, 0, 0, 0, 0, 0, 0, 0, 0, 0, 0, 0, 0, 0, 0, 0, 0, 0, 0, 0, 0, 0, 0, 0, 0, 0, 0, 0]","[0, 0, 0, 0, 0, 0, 0, 0, 0, 0, 0, 0, 0, 0, 0, 0, 0, 0, 0, 0, 0, 0, 0, 0, 0, 0, 0, 0, 0, 0, 0, 0, 0, 0, 0, 0, 0, 0, 0, 0, 0, 0, 0, 0, 0, 0, 0, 0, 0, 0, 0, 0, 0, 0, 0, 0, 0, 0, 0, 0, 0, 0, 0, 0, 0, 0, 0, 0, 0, 0, 0, 0, 0, 0, 0, 0, 0, 0, 0, 0, 0, 0, 0, 0, 0, 0, 0, 0, 0, 0, 0, 0, 0, 0, 0, 0, 0, 0, 0, 0]",0.0,331.7600213755309,0,1,1,0,False,scipy_not_installed,quadratic_grid,100.0,100.0,"[-0.2624814091, 0.7920373204, -0.7521027432, -1.524722225, 0.7094602822, -0.5816635295, -0.3872731296, -0.954467548, -2.861737045, 0.857338052, 1.517489239, 0.5870366678, 0.9334827659, 0.6973900084, 1.513592282, -0.4220320347, -0.7854984653, -1.594599908, -2.625250601, -1.196254358, 0.4196717491, 1.758099545, -1.196813072, 0.8876779536, -0.0243273021, -0.2913805749, -0.7683092149, 0.1759006125, 0.821559738, 0.06760612766, 0.09581237328, -0.5084182385, 0.08835124492, -2.337918767, -1.007738992, 0.01941382678, -0.3229140202, -2.061315175, -1.96414383, -0.582497494, -0.4335436255, -1.645776643, -0.5631715534, 0.4036023711, -0.6048707388, 0.2177091837, -2.741066737, 0.563947026, 0.7905370553, 0.4635322284, -0.3807749764, 0.5779678322, 0.1006832751, -1.157466927, 1.180958867, 1.233125578, 0.1421684374, -0.09838962417, 0.6661647383, 0.6867696238, -0.2320440767, -0.4778211264, 0.1678762087, 1.09501088, -0.2786937153, -2.014079501, -0.6893524274, -0.2551964833, 0.2089812042, 0.9267820336, 1.006298582, 0.4266035016, -0.165336462, -0.3618891611, -0.3728058622, -0.1496150729, 0.09396487248, -0.5423443482, 0.2772871025, -1.816290086, 2.273552703, 1.389163718, 0.621842077, -1.907054755, -1.245967733, 0.3285084737, 0.343662456, -1.129122584, 0.649259456, 1.951573995, -1.937605225, 0.2758409789, 0.9698364232, -1.762547748, 0.114802205, -0.1436078432, 0.2234863011, 1.049951794, 0.4006326675, 0.3043100828]",,,,,,,not_installed,,,,
quadratic_cg,quadratic_n100_k1000,"[0, 0, 0, 0, 0, 0, 0, 0, 0, 0, 0, 0, 0, 0, 0, 0, 0, 0, 0, 0, 0, 0, 0, 0, 0, 0, 0, 0, 0, 0, 0, 0, 0, 0, 0, 0, 0, 0, 0, 0, 0, 0, 0, 0, 0, 0, 0, 0, 0, 0, 0, 0, 0, 0, 0, 0, 0, 0, 0, 0, 0, 0, 0, 0, 0, 0, 0, 0, 0, 0, 0, 0, 0, 0, 0, 0, 0, 0, 0, 0, 0, 0, 0, 0, 0, 0, 0, 0, 0, 0, 0, 0, 0, 0, 0, 0, 0, 0, 0, 0]","[-1.053746528, -0.2052302543, 0.1663811203, 0.5727973999, -1.805761844, 0.5775672564, 0.658775517, 0.2206495301, 0.02786032044, 0.250568046, -0.9821232533, 0.4217138095, 0.7383837322, -0.2482643372, -0.6417168631, 1.047247901, -0.3043954987, -0.02033272121, -0.1161778117, -0.5042385477, 1.494659104, 0.6794150859, -1.968294885, -0.5526120397, 0.7966691536, 0.03536894655, 0.5231703107, -0.8346741372, -0.09244549334, -0.2348391746, 1.474582421, 0.04155076218, 1.813146501, -1.067588329, -0.6178169798, 0.01762054205, -1.04162955, 1.269485578, 0.3824264022, -0.2177704175, 1.43123039, -1.901590864, -0.2080794987, -0.04745616602, -0.294754346, -0.2889191255, 0.7783375781, 0.9445148693, -0.1131306221, -0.1250437899, -1.958806899, 0.5210424777, -2.375985822, -0.2725023133, -0.5115354074, -0.01229704471, 0.5355925607, -0.2225421858, -0.2528883946, 0.2863476201, -1.043805993, -1.060805606, -1.784994648, 1.357233059, -1.058786743, -0.4622291112, 1.089816725, -1.833970678, 1.174585271, -2.055406651, -1.732664598, -1.075625683, 1.947966413, 1.191566438, 0.3282460108, 1.066078566, 0.7594003641, 0.496596628, 0.6567774363, 0.1153122629, -0.7983174026, -0.8394955545, -1.742479861, -1.354438221, 1.664117933, 0.534571851, 1.12930008, -0.3014031552, 1.580680185, -0.6383817407, 0.4943618161, -0.817478987, -1.713226561, -0.9169668963, 0.3190728433, 0.9601730618, 1.181544088, 0.3498704905, 0.2102197382, -1.576576348]",-9709.628391402473,8.28597845022415e-09,221,1,222,0,True,converged,quadratic_grid,100.0,1000.0,"[-1.053746528, -0.2052302546, 0.16638112, 0.5727973997, -1.805761844, 0.5775672564, 0.658775517, 0.2206495301, 0.02786032046, 0.2505680459, -0.9821232534, 0.4217138093, 0.7383837322, -0.2482643375, -0.6417168632, 1.047247901, -0.3043954987, -0.0203327214, -0.1161778117, -0.5042385477, 1.494659104, 0.6794150858, -1.968294886, -0.5526120394, 0.7966691536, 0.03536894646, 0.5231703108, -0.8346741374, -0.09244549338, -0.2348391743, 1.47458242, 0.04155076202, 1.813146501, -1.067588328, -0.6178169799, 0.01762054189, -1.04162955, 1.269485578, 0.3824264024, -0.2177704176, 1.43123039, -1.901590864, -0.2080794988, -0.04745616579, -0.2947543459, -0.2889191252, 0.7783375781, 0.9445148693, -0.1131306219, -0.1250437899, -1.958806899, 0.5210424775, -2.375985822, -0.2725023133, -0.5115354071, -0.01229704456, 0.5355925607, -0.2225421858, -0.2528883942, 0.28634762, -1.043805993, -1.060805606, -1.784994648, 1.357233059, -1.058786743, -0.4622291114, 1.089816725, -1.833970677, 1.174585271, -2.055406651, -1.732664598, -1.075625683, 1.947966413, 1.191566438, 0.3282460107, 1.066078566, 0.7594003639, 0.4965966282, 0.6567774363, 0.1153122627, -0.7983174026, -0.8394955547, -1.742479861, -1.354438221, 1.664117933, 0.5345718509, 1.12930008, -0.301403155, 1.580680186, -0.6383817406, 0.494361816, -0.8174789871, -1.713226561, -0.9169668964, 0.3190728433, 0.9601730616, 1.181544088, 0.3498704905, 0.2102197382, -1.576576348]",,,,,,,,,,,
nonlinear_cg_fr,quadratic_n100_k1000,"[0, 0, 0, 0, 0, 0, 0, 0, 0, 0, 0, 0, 0, 0, 0, 0, 0, 0, 0, 0, 0, 0, 0, 0, 0, 0, 0, 0, 0, 0, 0, 0, 0, 0, 0, 0, 0, 0, 0, 0, 0, 0, 0, 0, 0, 0, 0, 0, 0, 0, 0, 0, 0, 0, 0, 0, 0, 0, 0, 0, 0, 0, 0, 0, 0, 0, 0, 0, 0, 0, 0, 0, 0, 0, 0, 0, 0, 0, 0, 0, 0, 0, 0, 0, 0, 0, 0, 0, 0, 0, 0, 0, 0, 0, 0, 0, 0, 0, 0, 0]","[-1.053746764, -0.2052303956, 0.1663809345, 0.5727976226, -1.805761847, 0.577567102, 0.6587753451, 0.2206496136, 0.02786078182, 0.2505685065, -0.9821231205, 0.421713842, 0.7383834832, -0.2482642392, -0.6417167931, 1.047248361, -0.3043952829, -0.02033281395, -0.1161778226, -0.5042386713, 1.494658913, 0.6794149674, -1.968294821, -0.5526121153, 0.7966689644, 0.03536864046, 0.5231702257, -0.8346736162, -0.09244592604, -0.234838932, 1.474582531, 0.04155079735, 1.813146708, -1.06758813, -0.6178172316, 0.01762088859, -1.04162929, 1.269485442, 0.3824265108, -0.2177703971, 1.431230262, -1.901591, -0.2080793609, -0.04745596586, -0.294754506, -0.2889189924, 0.7783376409, 0.9445146814, -0.1131306666, -0.1250437277, -1.958806806, 0.5210423565, -2.375986162, -0.2725020513, -0.5115356818, -0.0122966775, 0.5355927208, -0.2225422291, -0.2528881964, 0.2863474612, -1.043805855, -1.060805488, -1.78499503, 1.357232826, -1.05878687, -0.4622287701, 1.089816183, -1.833970685, 1.174585454, -2.055406887, -1.73266458, -1.075625872, 1.947966236, 1.191566496, 0.3282460955, 1.066078535, 0.759400612, 0.4965962912, 0.6567775119, 0.1153124244, -0.7983172001, -0.8394956064, -1.742479853, -1.354438032, 1.664117989, 0.5345718277, 1.12930001, -0.3014032403, 1.580680499, -0.63838168, 0.4943618419, -0.8174790449, -1.713226378, -0.9169668176, 0.3190732044, 0.9601732364, 1.181544071, 0.3498701645, 0.2102196571, -1.576576714]",-9709.628391402479,1.0010583035441538e-05,3000,123961,3001,0,False,max_iter_reached,quadratic_grid,100.0,1000.0,"[-1.053746528, -0.2052302546, 0.16638112, 0.5727973997, -1.805761844, 0.5775672564, 0.658775517, 0.2206495301, 0.02786032046, 0.2505680459, -0.9821232534, 0.4217138093, 0.7383837322, -0.2482643375, -0.6417168632, 1.047247901, -0.3043954987, -0.0203327214, -0.1161778117, -0.5042385477, 1.494659104, 0.6794150858, -1.968294886, -0.5526120394, 0.7966691536, 0.03536894646, 0.5231703108, -0.8346741374, -0.09244549338, -0.2348391743, 1.47458242, 0.04155076202, 1.813146501, -1.067588328, -0.6178169799, 0.01762054189, -1.04162955, 1.269485578, 0.3824264024, -0.2177704176, 1.43123039, -1.901590864, -0.2080794988, -0.04745616579, -0.2947543459, -0.2889191252, 0.7783375781, 0.9445148693, -0.1131306219, -0.1250437899, -1.958806899, 0.5210424775, -2.375985822, -0.2725023133, -0.5115354071, -0.01229704456, 0.5355925607, -0.2225421858, -0.2528883942, 0.28634762, -1.043805993, -1.060805606, -1.784994648, 1.357233059, -1.058786743, -0.4622291114, 1.089816725, -1.833970677, 1.174585271, -2.055406651, -1.732664598, -1.075625683, 1.947966413, 1.191566438, 0.3282460107, 1.066078566, 0.7594003639, 0.4965966282, 0.6567774363, 0.1153122627, -0.7983174026, -0.8394955547, -1.742479861, -1.354438221, 1.664117933, 0.5345718509, 1.12930008, -0.301403155, 1.580680186, -0.6383817406, 0.494361816, -0.8174789871, -1.713226561, -0.9169668964, 0.3190728433, 0.9601730616, 1.181544088, 0.3498704905, 0.2102197382, -1.576576348]",3.0,,,,,,,,,,
nonlinear_cg_pr,quadratic_n100_k1000,"[0, 0, 0, 0, 0, 0, 0, 0, 0, 0, 0, 0, 0, 0, 0, 0, 0, 0, 0, 0, 0, 0, 0, 0, 0, 0, 0, 0, 0, 0, 0, 0, 0, 0, 0, 0, 0, 0, 0, 0, 0, 0, 0, 0, 0, 0, 0, 0, 0, 0, 0, 0, 0, 0, 0, 0, 0, 0, 0, 0, 0, 0, 0, 0, 0, 0, 0, 0, 0, 0, 0, 0, 0, 0, 0, 0, 0, 0, 0, 0, 0, 0, 0, 0, 0, 0, 0, 0, 0, 0, 0, 0, 0, 0, 0, 0, 0, 0, 0, 0]","[-1.053746855, -0.2052305488, 0.1663811095, 0.5727976372, -1.805761604, 0.5775668886, 0.6587757844, 0.2206497052, 0.02786053313, 0.250568558, -0.9821231254, 0.4217134039, 0.7383834069, -0.2482642455, -0.6417174625, 1.047247795, -0.3043957762, -0.02033242282, -0.1161773381, -0.5042379249, 1.494659153, 0.6794154982, -1.968294502, -0.5526125789, 0.7966690161, 0.03536898699, 0.5231707826, -0.8346737966, -0.09244569644, -0.2348390815, 1.474582544, 0.04155092392, 1.813146659, -1.067588281, -0.6178163393, 0.01761947556, -1.041629704, 1.269485603, 0.382426735, -0.2177707106, 1.431229684, -1.901590818, -0.2080792357, -0.04745653782, -0.2947541868, -0.2889191944, 0.778338065, 0.9445158523, -0.1131300876, -0.1250431483, -1.958807348, 0.5210418587, -2.375985479, -0.2725021706, -0.5115354916, -0.01229696887, 0.5355929208, -0.2225421467, -0.2528880287, 0.2863475643, -1.0438058, -1.060805191, -1.784994618, 1.357233261, -1.05878632, -0.4622289308, 1.089816932, -1.833970882, 1.174586162, -2.055406179, -1.732663848, -1.075625889, 1.947967277, 1.191567098, 0.3282459785, 1.066078154, 0.7593999693, 0.4965962553, 0.6567776633, 0.1153126564, -0.7983170623, -0.8394951486, -1.742479815, -1.354437838, 1.664117998, 0.5345717818, 1.129300374, -0.3014031891, 1.580680261, -0.6383818014, 0.4943620961, -0.8174790638, -1.713226206, -0.9169668014, 0.3190731722, 0.9601724084, 1.181543955, 0.3498706192, 0.2102203001, -1.576576224]",-9709.628391402475,6.033776160598443e-06,3000,94364,3001,0,False,max_iter_reached,quadratic_grid,100.0,1000.0,"[-1.053746528, -0.2052302546, 0.16638112, 0.5727973997, -1.805761844, 0.5775672564, 0.658775517, 0.2206495301, 0.02786032046, 0.2505680459, -0.9821232534, 0.4217138093, 0.7383837322, -0.2482643375, -0.6417168632, 1.047247901, -0.3043954987, -0.0203327214, -0.1161778117, -0.5042385477, 1.494659104, 0.6794150858, -1.968294886, -0.5526120394, 0.7966691536, 0.03536894646, 0.5231703108, -0.8346741374, -0.09244549338, -0.2348391743, 1.47458242, 0.04155076202, 1.813146501, -1.067588328, -0.6178169799, 0.01762054189, -1.04162955, 1.269485578, 0.3824264024, -0.2177704176, 1.43123039, -1.901590864, -0.2080794988, -0.04745616579, -0.2947543459, -0.2889191252, 0.7783375781, 0.9445148693, -0.1131306219, -0.1250437899, -1.958806899, 0.5210424775, -2.375985822, -0.2725023133, -0.5115354071, -0.01229704456, 0.5355925607, -0.2225421858, -0.2528883942, 0.28634762, -1.043805993, -1.060805606, -1.784994648, 1.357233059, -1.058786743, -0.4622291114, 1.089816725, -1.833970677, 1.174585271, -2.055406651, -1.732664598, -1.075625683, 1.947966413, 1.191566438, 0.3282460107, 1.066078566, 0.7594003639, 0.4965966282, 0.6567774363, 0.1153122627, -0.7983174026, -0.8394955547, -1.742479861, -1.354438221, 1.664117933, 0.5345718509, 1.12930008, -0.301403155, 1.580680186, -0.6383817406, 0.494361816, -0.8174789871, -1.713226561, -0.9169668964, 0.3190728433, 0.9601730616, 1.181544088, 0.3498704905, 0.2102197382, -1.576576348]",843.0,,,,,,,,,,
newton_cholesky,quadratic_n100_k1000,"[0, 0, 0, 0, 0, 0, 0, 0, 0, 0, 0, 0, 0, 0, 0, 0, 0, 0, 0, 0, 0, 0, 0, 0, 0, 0, 0, 0, 0, 0, 0, 0, 0, 0, 0, 0, 0, 0, 0, 0, 0, 0, 0, 0, 0, 0, 0, 0, 0, 0, 0, 0, 0, 0, 0, 0, 0, 0, 0, 0, 0, 0, 0, 0, 0, 0, 0, 0, 0, 0, 0, 0, 0, 0, 0, 0, 0, 0, 0, 0, 0, 0, 0, 0, 0, 0, 0, 0, 0, 0, 0, 0, 0, 0, 0, 0, 0, 0, 0, 0]","[-1.053746528, -0.2052302546, 0.16638112, 0.5727973997, -1.805761844, 0.5775672564, 0.658775517, 0.2206495301, 0.02786032046, 0.2505680459, -0.9821232534, 0.4217138093, 0.7383837322, -0.2482643375, -0.6417168632, 1.047247901, -0.3043954987, -0.0203327214, -0.1161778117, -0.5042385477, 1.494659104, 0.6794150858, -1.968294886, -0.5526120394, 0.7966691536, 0.03536894646, 0.5231703108, -0.8346741374, -0.09244549338, -0.2348391743, 1.47458242, 0.04155076202, 1.813146501, -1.067588328, -0.6178169799, 0.01762054189, -1.04162955, 1.269485578, 0.3824264024, -0.2177704176, 1.43123039, -1.901590864, -0.2080794988, -0.04745616579, -0.2947543459, -0.2889191252, 0.7783375781, 0.9445148693, -0.1131306219, -0.1250437899, -1.958806899, 0.5210424775, -2.375985822, -0.2725023133, -0.5115354071, -0.01229704456, 0.5355925607, -0.2225421858, -0.2528883942, 0.28634762, -1.043805993, -1.060805606, -1.784994648, 1.357233059, -1.058786743, -0.4622291114, 1.089816725, -1.833970677, 1.174585271, -2.055406651, -1.732664598, -1.075625683, 1.947966413, 1.191566438, 0.3282460107, 1.066078566, 0.7594003639, 0.4965966282, 0.6567774363, 0.1153122627, -0.7983174026, -0.8394955547, -1.742479861, -1.354438221, 1.664117933, 0.5345718509, 1.12930008, -0.301403155, 1.580680186, -0.6383817406, 0.494361816, -0.8174789871, -1.713226561, -0.9169668964, 0.3190728433, 0.9601730616, 1.181544088, 0.3498704905, 0.2102197382, -1.576576348]",-9709.628391402473,1.0754164654458e-12,1,1,2,1,True,converged,quadratic_grid,100.0,1000.0,"[-1.053746528, -0.2052302546, 0.16638112, 0.5727973997, -1.805761844, 0.5775672564, 0.658775517, 0.2206495301, 0.02786032046, 0.2505680459, -0.9821232534, 0.4217138093, 0.7383837322, -0.2482643375, -0.6417168632, 1.047247901, -0.3043954987, -0.0203327214, -0.1161778117, -0.5042385477, 1.494659104, 0.6794150858, -1.968294886, -0.5526120394, 0.7966691536, 0.03536894646, 0.5231703108, -0.8346741374, -0.09244549338, -0.2348391743, 1.47458242, 0.04155076202, 1.813146501, -1.067588328, -0.6178169799, 0.01762054189, -1.04162955, 1.269485578, 0.3824264024, -0.2177704176, 1.43123039, -1.901590864, -0.2080794988, -0.04745616579, -0.2947543459, -0.2889191252, 0.7783375781, 0.9445148693, -0.1131306219, -0.1250437899, -1.958806899, 0.5210424775, -2.375985822, -0.2725023133, -0.5115354071, -0.01229704456, 0.5355925607, -0.2225421858, -0.2528883942, 0.28634762, -1.043805993, -1.060805606, -1.784994648, 1.357233059, -1.058786743, -0.4622291114, 1.089816725, -1.833970677, 1.174585271, -2.055406651, -1.732664598, -1.075625683, 1.947966413, 1.191566438, 0.3282460107, 1.066078566, 0.7594003639, 0.4965966282, 0.6567774363, 0.1153122627, -0.7983174026, -0.8394955547, -1.742479861, -1.354438221, 1.664117933, 0.5345718509, 1.12930008, -0.301403155, 1.580680186, -0.6383817406, 0.494361816, -0.8174789871, -1.713226561, -0.9169668964, 0.3190728433, 0.9601730616, 1.181544088, 0.3498704905, 0.2102197382, -1.576576348]",,,,,,,,,,,
newton_direction,quadratic_n100_k1000,"[0, 0, 0, 0, 0, 0, 0, 0, 0, 0, 0, 0, 0, 0, 0, 0, 0, 0, 0, 0, 0, 0, 0, 0, 0, 0, 0, 0, 0, 0, 0, 0, 0, 0, 0, 0, 0, 0, 0, 0, 0, 0, 0, 0, 0, 0, 0, 0, 0, 0, 0, 0, 0, 0, 0, 0, 0, 0, 0, 0, 0, 0, 0, 0, 0, 0, 0, 0, 0, 0, 0, 0, 0, 0, 0, 0, 0, 0, 0, 0, 0, 0, 0, 0, 0, 0, 0, 0, 0, 0, 0, 0, 0, 0, 0, 0, 0, 0, 0, 0]","[-1.053746528, -0.2052302546, 0.16638112, 0.5727973997, -1.805761844, 0.5775672564, 0.658775517, 0.2206495301, 0.02786032046, 0.2505680459, -0.9821232534, 0.4217138093, 0.7383837322, -0.2482643375, -0.6417168632, 1.047247901, -0.3043954987, -0.0203327214, -0.1161778117, -0.5042385477, 1.494659104, 0.6794150858, -1.968294886, -0.5526120394, 0.7966691536, 0.03536894646, 0.5231703108, -0.8346741374, -0.09244549338, -0.2348391743, 1.47458242, 0.04155076202, 1.813146501, -1.067588328, -0.6178169799, 0.01762054189, -1.04162955, 1.269485578, 0.3824264024, -0.2177704176, 1.43123039, -1.901590864, -0.2080794988, -0.04745616579, -0.2947543459, -0.2889191252, 0.7783375781, 0.9445148693, -0.1131306219, -0.1250437899, -1.958806899, 0.5210424775, -2.375985822, -0.2725023133, -0.5115354071, -0.01229704456, 0.5355925607, -0.2225421858, -0.2528883942, 0.28634762, -1.043805993, -1.060805606, -1.784994648, 1.357233059, -1.058786743, -0.4622291114, 1.089816725, -1.833970677, 1.174585271, -2.055406651, -1.732664598, -1.075625683, 1.947966413, 1.191566438, 0.3282460107, 1.066078566, 0.7594003639, 0.4965966282, 0.6567774363, 0.1153122627, -0.7983174026, -0.8394955547, -1.742479861, -1.354438221, 1.664117933, 0.5345718509, 1.12930008, -0.301403155, 1.580680186, -0.6383817406, 0.494361816, -0.8174789871, -1.713226561, -0.9169668964, 0.3190728433, 0.9601730616, 1.181544088, 0.3498704905, 0.2102197382, -1.576576348]",-9709.628391402472,1.1542766195683252e-12,1,3,3,1,True,converged,quadratic_grid,100.0,1000.0,"[-1.053746528, -0.2052302546, 0.16638112, 0.5727973997, -1.805761844, 0.5775672564, 0.658775517, 0.2206495301, 0.02786032046, 0.2505680459, -0.9821232534, 0.4217138093, 0.7383837322, -0.2482643375, -0.6417168632, 1.047247901, -0.3043954987, -0.0203327214, -0.1161778117, -0.5042385477, 1.494659104, 0.6794150858, -1.968294886, -0.5526120394, 0.7966691536, 0.03536894646, 0.5231703108, -0.8346741374, -0.09244549338, -0.2348391743, 1.47458242, 0.04155076202, 1.813146501, -1.067588328, -0.6178169799, 0.01762054189, -1.04162955, 1.269485578, 0.3824264024, -0.2177704176, 1.43123039, -1.901590864, -0.2080794988, -0.04745616579, -0.2947543459, -0.2889191252, 0.7783375781, 0.9445148693, -0.1131306219, -0.1250437899, -1.958806899, 0.5210424775, -2.375985822, -0.2725023133, -0.5115354071, -0.01229704456, 0.5355925607, -0.2225421858, -0.2528883942, 0.28634762, -1.043805993, -1.060805606, -1.784994648, 1.357233059, -1.058786743, -0.4622291114, 1.089816725, -1.833970677, 1.174585271, -2.055406651, -1.732664598, -1.075625683, 1.947966413, 1.191566438, 0.3282460107, 1.066078566, 0.7594003639, 0.4965966282, 0.6567774363, 0.1153122627, -0.7983174026, -0.8394955547, -1.742479861, -1.354438221, 1.664117933, 0.5345718509, 1.12930008, -0.301403155, 1.580680186, -0.6383817406, 0.494361816, -0.8174789871, -1.713226561, -0.9169668964, 0.3190728433, 0.9601730616, 1.181544088, 0.3498704905, 0.2102197382, -1.576576348]",,0.0,,,,,,,,,
dogleg,quadratic_n100_k1000,"[0, 0, 0, 0, 0, 0, 0, 0, 0, 0, 0, 0, 0, 0, 0, 0, 0, 0, 0, 0, 0, 0, 0, 0, 0, 0, 0, 0, 0, 0, 0, 0, 0, 0, 0, 0, 0, 0, 0, 0, 0, 0, 0, 0, 0, 0, 0, 0, 0, 0, 0, 0, 0, 0, 0, 0, 0, 0, 0, 0, 0, 0, 0, 0, 0, 0, 0, 0, 0, 0, 0, 0, 0, 0, 0, 0, 0, 0, 0, 0, 0, 0, 0, 0, 0, 0, 0, 0, 0, 0, 0, 0, 0, 0, 0, 0, 0, 0, 0, 0]","[-1.053746528, -0.2052302546, 0.16638112, 0.5727973997, -1.805761844, 0.5775672564, 0.658775517, 0.2206495301, 0.02786032046, 0.2505680459, -0.9821232534, 0.4217138093, 0.7383837322, -0.2482643375, -0.6417168632, 1.047247901, -0.3043954987, -0.0203327214, -0.1161778117, -0.5042385477, 1.494659104, 0.6794150858, -1.968294886, -0.5526120394, 0.7966691536, 0.03536894646, 0.5231703108, -0.8346741374, -0.09244549338, -0.2348391743, 1.47458242, 0.04155076202, 1.813146501, -1.067588328, -0.6178169799, 0.01762054189, -1.04162955, 1.269485578, 0.3824264024, -0.2177704176, 1.43123039, -1.901590864, -0.2080794988, -0.04745616579, -0.2947543459, -0.2889191252, 0.7783375781, 0.9445148693, -0.1131306219, -0.1250437899, -1.958806899, 0.5210424775, -2.375985822, -0.2725023133, -0.5115354071, -0.01229704456, 0.5355925607, -0.2225421858, -0.2528883942, 0.28634762, -1.043805993, -1.060805606, -1.784994648, 1.357233059, -1.058786743, -0.4622291114, 1.089816725, -1.833970677, 1.174585271, -2.055406651, -1.732664598, -1.075625683, 1.947966413, 1.191566438, 0.3282460107, 1.066078566, 0.7594003639, 0.4965966282, 0.6567774363, 0.1153122627, -0.7983174026, -0.8394955547, -1.742479861, -1.354438221, 1.664117933, 0.5345718509, 1.12930008, -0.301403155, 1.580680186, -0.6383817406, 0.494361816, -0.8174789871, -1.713226561, -0.9169668964, 0.3190728433, 0.9601730616, 1.181544088, 0.3498704905, 0.2102197382, -1.576576348]",-9709.628391402472,7.345444953317703e-13,4,9,5,4,True,converged,quadratic_grid,100.0,1000.0,"[-1.053746528, -0.2052302546, 0.16638112, 0.5727973997, -1.805761844, 0.5775672564, 0.658775517, 0.2206495301, 0.02786032046, 0.2505680459, -0.9821232534, 0.4217138093, 0.7383837322, -0.2482643375, -0.6417168632, 1.047247901, -0.3043954987, -0.0203327214, -0.1161778117, -0.5042385477, 1.494659104, 0.6794150858, -1.968294886, -0.5526120394, 0.7966691536, 0.03536894646, 0.5231703108, -0.8346741374, -0.09244549338, -0.2348391743, 1.47458242, 0.04155076202, 1.813146501, -1.067588328, -0.6178169799, 0.01762054189, -1.04162955, 1.269485578, 0.3824264024, -0.2177704176, 1.43123039, -1.901590864, -0.2080794988, -0.04745616579, -0.2947543459, -0.2889191252, 0.7783375781, 0.9445148693, -0.1131306219, -0.1250437899, -1.958806899, 0.5210424775, -2.375985822, -0.2725023133, -0.5115354071, -0.01229704456, 0.5355925607, -0.2225421858, -0.2528883942, 0.28634762, -1.043805993, -1.060805606, -1.784994648, 1.357233059, -1.058786743, -0.4622291114, 1.089816725, -1.833970677, 1.174585271, -2.055406651, -1.732664598, -1.075625683, 1.947966413, 1.191566438, 0.3282460107, 1.066078566, 0.7594003639, 0.4965966282, 0.6567774363, 0.1153122627, -0.7983174026, -0.8394955547, -1.742479861, -1.354438221, 1.664117933, 0.5345718509, 1.12930008, -0.301403155, 1.580680186, -0.6383817406, 0.494361816, -0.8174789871, -1.713226561, -0.9169668964, 0.3190728433, 0.9601730616, 1.181544088, 0.3498704905, 0.2102197382, -1.576576348]",,,4.0,8.0,,,,,,,
dfp,quadratic_n100_k1000,"[0, 0, 0, 0, 0, 0, 0, 0, 0, 0, 0, 0, 0, 0, 0, 0, 0, 0, 0, 0, 0, 0, 0, 0, 0, 0, 0, 0, 0, 0, 0, 0, 0, 0, 0, 0, 0, 0, 0, 0, 0, 0, 0, 0, 0, 0, 0, 0, 0, 0, 0, 0, 0, 0, 0, 0, 0, 0, 0, 0, 0, 0, 0, 0, 0, 0, 0, 0, 0, 0, 0, 0, 0, 0, 0, 0, 0, 0, 0, 0, 0, 0, 0, 0, 0, 0, 0, 0, 0, 0, 0, 0, 0, 0, 0, 0, 0, 0, 0, 0]","[-1.053746629, -0.2052302973, 0.1663809677, 0.5727974258, -1.80576178, 0.5775672141, 0.6587754943, 0.2206496455, 0.02786037733, 0.2505681272, -0.9821233132, 0.4217137955, 0.7383836683, -0.2482642618, -0.6417168691, 1.047247938, -0.3043954071, -0.02033261123, -0.1161778395, -0.5042385428, 1.494659041, 0.6794151271, -1.968294815, -0.5526119331, 0.7966690737, 0.0353689413, 0.5231702826, -0.8346739771, -0.09244560795, -0.234839277, 1.474582352, 0.04155066384, 1.813146485, -1.067588416, -0.6178171767, 0.01762063771, -1.041629404, 1.269485469, 0.382426406, -0.2177702651, 1.43123024, -1.901590859, -0.2080794526, -0.04745614672, -0.2947544446, -0.2889190349, 0.7783375465, 0.9445147448, -0.1131307385, -0.1250438613, -1.958806905, 0.5210423677, -2.375985887, -0.2725022655, -0.5115356037, -0.01229692893, 0.5355927749, -0.2225421788, -0.2528883626, 0.2863475613, -1.043806051, -1.060805577, -1.78499472, 1.357232919, -1.058786657, -0.4622289398, 1.089816636, -1.833970562, 1.174585225, -2.055406663, -1.732664511, -1.07562564, 1.947966404, 1.191566557, 0.3282461658, 1.066078501, 0.7594004251, 0.4965965673, 0.65677739, 0.1153124053, -0.7983173828, -0.8394954493, -1.742479693, -1.354438222, 1.66411797, 0.5345716578, 1.129299986, -0.3014031586, 1.580680145, -0.6383816035, 0.4943619779, -0.8174790663, -1.713226517, -0.9169668931, 0.3190728745, 0.960173031, 1.181544001, 0.3498704715, 0.210219595, -1.576576344]",-9709.62839140248,5.696160240660516e-06,3000,115891,6001,0,False,max_iter_reached,quadratic_grid,100.0,1000.0,"[-1.053746528, -0.2052302546, 0.16638112, 0.5727973997, -1.805761844, 0.5775672564, 0.658775517, 0.2206495301, 0.02786032046, 0.2505680459, -0.9821232534, 0.4217138093, 0.7383837322, -0.2482643375, -0.6417168632, 1.047247901, -0.3043954987, -0.0203327214, -0.1161778117, -0.5042385477, 1.494659104, 0.6794150858, -1.968294886, -0.5526120394, 0.7966691536, 0.03536894646, 0.5231703108, -0.8346741374, -0.09244549338, -0.2348391743, 1.47458242, 0.04155076202, 1.813146501, -1.067588328, -0.6178169799, 0.01762054189, -1.04162955, 1.269485578, 0.3824264024, -0.2177704176, 1.43123039, -1.901590864, -0.2080794988, -0.04745616579, -0.2947543459, -0.2889191252, 0.7783375781, 0.9445148693, -0.1131306219, -0.1250437899, -1.958806899, 0.5210424775, -2.375985822, -0.2725023133, -0.5115354071, -0.01229704456, 0.5355925607, -0.2225421858, -0.2528883942, 0.28634762, -1.043805993, -1.060805606, -1.784994648, 1.357233059, -1.058786743, -0.4622291114, 1.089816725, -1.833970677, 1.174585271, -2.055406651, -1.732664598, -1.075625683, 1.947966413, 1.191566438, 0.3282460107, 1.066078566, 0.7594003639, 0.4965966282, 0.6567774363, 0.1153122627, -0.7983174026, -0.8394955547, -1.742479861, -1.354438221, 1.664117933, 0.5345718509, 1.12930008, -0.301403155, 1.580680186, -0.6383817406, 0.494361816, -0.8174789871, -1.713226561, -0.9169668964, 0.3190728433, 0.9601730616, 1.181544088, 0.3498704905, 0.2102197382, -1.576576348]",0.0,,,,2906.0,,,,,,
bfgs,quadratic_n100_k1000,"[0, 0, 0, 0, 0, 0, 0, 0, 0, 0, 0, 0, 0, 0, 0, 0, 0, 0, 0, 0, 0, 0, 0, 0, 0, 0, 0, 0, 0, 0, 0, 0, 0, 0, 0, 0, 0, 0, 0, 0, 0, 0, 0, 0, 0, 0, 0, 0, 0, 0, 0, 0, 0, 0, 0, 0, 0, 0, 0, 0, 0, 0, 0, 0, 0, 0, 0, 0, 0, 0, 0, 0, 0, 0, 0, 0, 0, 0, 0, 0, 0, 0, 0, 0, 0, 0, 0, 0, 0, 0, 0, 0, 0, 0, 0, 0, 0, 0, 0, 0]","[-1.053746529, -0.2052302546, 0.1663811192, 0.5727974001, -1.805761845, 0.5775672559, 0.6587755164, 0.22064953, 0.02786032042, 0.2505680463, -0.9821232555, 0.42171381, 0.7383837319, -0.2482643368, -0.6417168638, 1.0472479, -0.3043954989, -0.02033272075, -0.1161778127, -0.5042385475, 1.494659104, 0.6794150858, -1.968294886, -0.5526120398, 0.7966691541, 0.03536894652, 0.5231703103, -0.8346741367, -0.09244549378, -0.2348391729, 1.47458242, 0.04155076196, 1.813146502, -1.067588328, -0.6178169799, 0.01762054281, -1.041629549, 1.269485578, 0.3824264016, -0.2177704174, 1.431230391, -1.901590865, -0.2080794992, -0.04745616611, -0.2947543461, -0.2889191246, 0.7783375785, 0.9445148687, -0.1131306217, -0.1250437892, -1.958806899, 0.5210424772, -2.375985822, -0.2725023122, -0.5115354077, -0.01229704563, 0.5355925603, -0.2225421857, -0.252888394, 0.2863476197, -1.043805993, -1.060805606, -1.784994648, 1.357233059, -1.058786743, -0.462229111, 1.089816724, -1.833970678, 1.174585271, -2.055406651, -1.732664597, -1.075625683, 1.947966413, 1.191566438, 0.3282460115, 1.066078565, 0.7594003634, 0.4965966273, 0.6567774363, 0.1153122629, -0.7983174037, -0.8394955544, -1.74247986, -1.35443822, 1.664117933, 0.5345718511, 1.129300079, -0.3014031562, 1.580680186, -0.6383817404, 0.4943618149, -0.8174789886, -1.713226561, -0.9169668966, 0.3190728436, 0.9601730615, 1.181544088, 0.3498704898, 0.2102197381, -1.576576347]",-9709.62839140248,4.153913509612285e-08,3000,98387,6001,0,False,max_iter_reached,quadratic_grid,100.0,1000.0,"[-1.053746528, -0.2052302546, 0.16638112, 0.5727973997, -1.805761844, 0.5775672564, 0.658775517, 0.2206495301, 0.02786032046, 0.2505680459, -0.9821232534, 0.4217138093, 0.7383837322, -0.2482643375, -0.6417168632, 1.047247901, -0.3043954987, -0.0203327214, -0.1161778117, -0.5042385477, 1.494659104, 0.6794150858, -1.968294886, -0.5526120394, 0.7966691536, 0.03536894646, 0.5231703108, -0.8346741374, -0.09244549338, -0.2348391743, 1.47458242, 0.04155076202, 1.813146501, -1.067588328, -0.6178169799, 0.01762054189, -1.04162955, 1.269485578, 0.3824264024, -0.2177704176, 1.43123039, -1.901590864, -0.2080794988, -0.04745616579, -0.2947543459, -0.2889191252, 0.7783375781, 0.9445148693, -0.1131306219, -0.1250437899, -1.958806899, 0.5210424775, -2.375985822, -0.2725023133, -0.5115354071, -0.01229704456, 0.5355925607, -0.2225421858, -0.2528883942, 0.28634762, -1.043805993, -1.060805606, -1.784994648, 1.357233059, -1.058786743, -0.4622291114, 1.089816725, -1.833970677, 1.174585271, -2.055406651, -1.732664598, -1.075625683, 1.947966413, 1.191566438, 0.3282460107, 1.066078566, 0.7594003639, 0.4965966282, 0.6567774363, 0.1153122627, -0.7983174026, -0.8394955547, -1.742479861, -1.354438221, 1.664117933, 0.5345718509, 1.12930008, -0.301403155, 1.580680186, -0.6383817406, 0.494361816, -0.8174789871, -1.713226561, -0.9169668964, 0.3190728433, 0.9601730616, 1.181544088, 0.3498704905, 0.2102197382, -1.576576348]",0.0,,,,2897.0,,,,,,
lbfgs,quadratic_n100_k1000,"[0, 0, 0, 0, 0, 0, 0, 0, 0, 0, 0, 0, 0, 0, 0, 0, 0, 0, 0, 0, 0, 0, 0, 0, 0, 0, 0, 0, 0, 0, 0, 0, 0, 0, 0, 0, 0, 0, 0, 0, 0, 0, 0, 0, 0, 0, 0, 0, 0, 0, 0, 0, 0, 0, 0, 0, 0, 0, 0, 0, 0, 0, 0, 0, 0, 0, 0, 0, 0, 0, 0, 0, 0, 0, 0, 0, 0, 0, 0, 0, 0, 0, 0, 0, 0, 0, 0, 0, 0, 0, 0, 0, 0, 0, 0, 0, 0, 0, 0, 0]","[-1.053746616, -0.2052301628, 0.1663807081, 0.57279716, -1.805762675, 0.5775672957, 0.6587754259, 0.2206493569, 0.02785984862, 0.2505680112, -0.9821229745, 0.4217139307, 0.7383838127, -0.248264574, -0.6417168574, 1.047247685, -0.3043966522, -0.02033258544, -0.1161774636, -0.5042384901, 1.494659749, 0.6794150667, -1.968295181, -0.5526122965, 0.7966697963, 0.0353691815, 0.5231703713, -0.8346748345, -0.09244537571, -0.2348397752, 1.474581509, 0.04155099324, 1.813145877, -1.067588605, -0.6178163864, 0.017620304, -1.041629895, 1.269485529, 0.3824267298, -0.2177697868, 1.431230373, -1.901590935, -0.2080794575, -0.04745595466, -0.2947533462, -0.2889196739, 0.7783371066, 0.944514868, -0.1131303448, -0.1250434283, -1.958807287, 0.5210428563, -2.375985503, -0.2725024572, -0.5115354954, -0.01229769995, 0.5355922488, -0.2225419342, -0.2528884738, 0.2863479671, -1.043805984, -1.060805595, -1.784995107, 1.357233232, -1.058786813, -0.4622291091, 1.089816955, -1.833971116, 1.174584511, -2.055406428, -1.732664677, -1.075626165, 1.9479659, 1.191566537, 0.328246587, 1.066078996, 0.7594001736, 0.4965972917, 0.6567774647, 0.1153116852, -0.7983174877, -0.8394954214, -1.74247972, -1.354439083, 1.664118228, 0.5345707564, 1.129300369, -0.3014027957, 1.58067967, -0.6383828018, 0.4943618215, -0.8174792833, -1.713226843, -0.9169670079, 0.3190728354, 0.9601732905, 1.181544553, 0.349871067, 0.2102199126, -1.576575926]",-9709.628391402457,2.0859492222129316e-05,3000,235072,6244,0,False,max_iter_reached,quadratic_grid,100.0,1000.0,"[-1.053746528, -0.2052302546, 0.16638112, 0.5727973997, -1.805761844, 0.5775672564, 0.658775517, 0.2206495301, 0.02786032046, 0.2505680459, -0.9821232534, 0.4217138093, 0.7383837322, -0.2482643375, -0.6417168632, 1.047247901, -0.3043954987, -0.0203327214, -0.1161778117, -0.5042385477, 1.494659104, 0.6794150858, -1.968294886, -0.5526120394, 0.7966691536, 0.03536894646, 0.5231703108, -0.8346741374, -0.09244549338, -0.2348391743, 1.47458242, 0.04155076202, 1.813146501, -1.067588328, -0.6178169799, 0.01762054189, -1.04162955, 1.269485578, 0.3824264024, -0.2177704176, 1.43123039, -1.901590864, -0.2080794988, -0.04745616579, -0.2947543459, -0.2889191252, 0.7783375781, 0.9445148693, -0.1131306219, -0.1250437899, -1.958806899, 0.5210424775, -2.375985822, -0.2725023133, -0.5115354071, -0.01229704456, 0.5355925607, -0.2225421858, -0.2528883942, 0.28634762, -1.043805993, -1.060805606, -1.784994648, 1.357233059, -1.058786743, -0.4622291114, 1.089816725, -1.833970677, 1.174585271, -2.055406651, -1.732664598, -1.075625683, 1.947966413, 1.191566438, 0.3282460107, 1.066078566, 0.7594003639, 0.4965966282, 0.6567774363, 0.1153122627, -0.7983174026, -0.8394955547, -1.742479861, -1.354438221, 1.664117933, 0.5345718509, 1.12930008, -0.301403155, 1.580680186, -0.6383817406, 0.494361816, -0.8174789871, -1.713226561, -0.9169668964, 0.3190728433, 0.9601730616, 1.181544088, 0.3498704905, 0.2102197382, -1.576576348]",0.0,,,,2766.0,10.0,,,,,
scipy_newton_cg,quadratic_n100_k1000,"[0, 0, 0, 0, 0, 0, 0, 0, 0, 0, 0, 0, 0, 0, 0, 0, 0, 0, 0, 0, 0, 0, 0, 0, 0, 0, 0, 0, 0, 0, 0, 0, 0, 0, 0, 0, 0, 0, 0, 0, 0, 0, 0, 0, 0, 0, 0, 0, 0, 0, 0, 0, 0, 0, 0, 0, 0, 0, 0, 0, 0, 0, 0, 0, 0, 0, 0, 0, 0, 0, 0, 0, 0, 0, 0, 0, 0, 0, 0, 0, 0, 0, 0, 0, 0, 0, 0, 0, 0, 0, 0, 0, 0, 0, 0, 0, 0, 0, 0, 0]","[0, 0, 0, 0, 0, 0, 0, 0, 0, 0, 0, 0, 0, 0, 0, 0, 0, 0, 0, 0, 0, 0, 0, 0, 0, 0, 0, 0, 0, 0, 0, 0, 0, 0, 0, 0, 0, 0, 0, 0, 0, 0, 0, 0, 0, 0, 0, 0, 0, 0, 0, 0, 0, 0, 0, 0, 0, 0, 0, 0, 0, 0, 0, 0, 0, 0, 0, 0, 0, 0, 0, 0, 0, 0, 0, 0, 0, 0, 0, 0, 0, 0, 0, 0, 0, 0, 0, 0, 0, 0, 0, 0, 0, 0, 0, 0, 0, 0, 0, 0]",0.0,3251.0693589966263,0,1,1,0,False,scipy_not_installed,quadratic_grid,100.0,1000.0,"[-1.053746528, -0.2052302546, 0.16638112, 0.5727973997, -1.805761844, 0.5775672564, 0.658775517, 0.2206495301, 0.02786032046, 0.2505680459, -0.9821232534, 0.4217138093, 0.7383837322, -0.2482643375, -0.6417168632, 1.047247901, -0.3043954987, -0.0203327214, -0.1161778117, -0.5042385477, 1.494659104, 0.6794150858, -1.968294886, -0.5526120394, 0.7966691536, 0.03536894646, 0.5231703108, -0.8346741374, -0.09244549338, -0.2348391743, 1.47458242, 0.04155076202, 1.813146501, -1.067588328, -0.6178169799, 0.01762054189, -1.04162955, 1.269485578, 0.3824264024, -0.2177704176, 1.43123039, -1.901590864, -0.2080794988, -0.04745616579, -0.2947543459, -0.2889191252, 0.7783375781, 0.9445148693, -0.1131306219, -0.1250437899, -1.958806899, 0.5210424775, -2.375985822, -0.2725023133, -0.5115354071, -0.01229704456, 0.5355925607, -0.2225421858, -0.2528883942, 0.28634762, -1.043805993, -1.060805606, -1.784994648, 1.357233059, -1.058786743, -0.4622291114, 1.089816725, -1.833970677, 1.174585271, -2.055406651, -1.732664598, -1.075625683, 1.947966413, 1.191566438, 0.3282460107, 1.066078566, 0.7594003639, 0.4965966282, 0.6567774363, 0.1153122627, -0.7983174026, -0.8394955547, -1.742479861, -1.354438221, 1.664117933, 0.5345718509, 1.12930008, -0.301403155, 1.580680186, -0.6383817406, 0.494361816, -0.8174789871, -1.713226561, -0.9169668964, 0.3190728433, 0.9601730616, 1.181544088, 0.3498704905, 0.2102197382, -1.576576348]",,,,,,,not_installed,,,,
quadratic_cg,quadratic_2d_k10,"[-5, -5]","[1, -2]",-4.11069736052712,4.3703883886519456e-14,2,1,3,0,True,converged,quadratic_2d_trajectories,2.0,10.0,,,,,,,,,1.0,,,
nonlinear_cg_fr,quadratic_2d_k10,"[-5, -5]","[0.9999999968, -1.999999997]",-4.110697360527121,4.7573118853438544e-09,147,1950,148,0,True,converged,quadratic_2d_trajectories,2.0,10.0,,6.0,,,,,,,1.0,,,
nonlinear_cg_pr,quadratic_2d_k10,"[-5, -5]","[0.9999999963, -1.999999995]",-4.110697360527119,6.7538010998248204e-09,38,152,39,0,True,converged,quadratic_2d_trajectories,2.0,10.0,,9.0,,,,,,,1.0,,,
newton_cholesky,quadratic_2d_k10,"[-5, -5]","[1, -2]",-4.11069736052712,7.944109290391274e-15,1,1,2,1,True,converged,quadratic_2d_trajectories,2.0,10.0,,,,,,,,,1.0,,,
newton_direction,quadratic_2d_k10,"[-5, -5]","[1, -2]",-4.110697360527121,7.588599744428075e-15,1,3,3,1,True,converged,quadratic_2d_trajectories,2.0,10.0,,,0.0,,,,,,1.0,,,
dogleg,quadratic_2d_k10,"[-5, -5]","[1, -2]",-4.1106973605271175,6.4047456679787536e-15,3,7,4,3,True,converged,quadratic_2d_trajectories,2.0,10.0,,,,3.0,4.0,,,,1.0,,,
dfp,quadratic_2d_k10,"[-5, -5]","[0.9999999952, -1.999999996]",-4.110697360527119,8.981524975300325e-09,3,10,7,0,True,converged,quadratic_2d_trajectories,2.0,10.0,,0.0,,,,0.0,,,1.0,,,
bfgs,quadratic_2d_k10,"[-5, -5]","[1, -2]",-4.110697360527119,3.705177237359148e-11,4,12,9,0,True,converged,quadratic_2d_trajectories,2.0,10.0,,0.0,,,,1.0,,,1.0,,,
lbfgs,quadratic_2d_k10,"[-5, -5]","[1.000000001, -2.000000001]",-4.110697360527119,1.8066535180676866e-09,6,16,19,0,True,converged,quadratic_2d_trajectories,2.0,10.0,,0.0,,,,1.0,10.0,,1.0,,,
quadratic_cg,quadratic_2d_k10,"[5, 5]","[1, -2]",-4.1106973605271175,1.0503437418062646e-13,2,1,3,0,True,converged,quadratic_2d_trajectories,2.0,10.0,,,,,,,,,2.0,,,
nonlinear_cg_fr,quadratic_2d_k10,"[5, 5]","[0.9999999972, -1.999999997]",-4.110697360527121,4.617587456930399e-09,64,831,65,0,True,converged,quadratic_2d_trajectories,2.0,10.0,,3.0,,,,,,,2.0,,,
nonlinear_cg_pr,quadratic_2d_k10,"[5, 5]","[0.999999992, -1.999999993]",-4.110697360527121,1.7356024674488747e-08,600,17910,601,0,False,max_iter_reached,quadratic_2d_trajectories,2.0,10.0,,8.0,,,,,,,2.0,,,
newton_cholesky,quadratic_2d_k10,"[5, 5]","[1, -2]",-4.1106973605271175,6.4047456679787536e-15,1,1,2,1,True,converged,quadratic_2d_trajectories,2.0,10.0,,,,,,,,,2.0,,,
newton_direction,quadratic_2d_k10,"[5, 5]","[1, -2]",-4.11069736052712,4.440892098500626e-15,1,3,3,1,True,converged,quadratic_2d_trajectories,2.0,10.0,,,0.0,,,,,,2.0,,,
dogleg,quadratic_2d_k10,"[5, 5]","[1, -2]",-4.110697360527119,0.0,4,9,5,4,True,converged,quadratic_2d_trajectories,2.0,10.0,,,,4.0,8.0,,,,2.0,,,
dfp,quadratic_2d_k10,"[5, 5]","[1, -2]",-4.110697360527119,2.0472127243598361e-13,4,12,9,0,True,converged,quadratic_2d_trajectories,2.0,10.0,,0.0,,,,1.0,,,2.0,,,
bfgs,quadratic_2d_k10,"[5, 5]","[1, -2]",-4.110697360527119,2.0314203420240337e-10,4,12,9,0,True,converged,quadratic_2d_trajectories,2.0,10.0,,0.0,,,,0.0,,,2.0,,,
lbfgs,quadratic_2d_k10,"[5, 5]","[0.9999999967, -1.999999997]",-4.110697360527119,6.547105249411331e-09,6,16,19,0,True,converged,quadratic_2d_trajectories,2.0,10.0,,0.0,,,,0.0,10.0,,2.0,,,
quadratic_cg,quadratic_2d_k10,"[-5, 3]","[1, -2]",-4.110697360527119,7.588599744428075e-15,2,1,3,0,True,converged,quadratic_2d_trajectories,2.0,10.0,,,,,,,,,3.0,,,
nonlinear_cg_fr,quadratic_2d_k10,"[-5, 3]","[0.9999999962, -1.999999996]",-4.110697360527121,6.3753929227392186e-09,127,2200,128,0,True,converged,quadratic_2d_trajectories,2.0,10.0,,3.0,,,,,,,3.0,,,
nonlinear_cg_pr,quadratic_2d_k10,"[-5, 3]","[0.9999999964, -1.999999997]",-4.110697360527119,9.19828078280674e-09,35,144,36,0,True,converged,quadratic_2d_trajectories,2.0,10.0,,9.0,,,,,,,3.0,,,
newton_cholesky,quadratic_2d_k10,"[-5, 3]","[1, -2]",-4.110697360527119,5.617333549722722e-15,1,1,2,1,True,converged,quadratic_2d_trajectories,2.0,10.0,,,,,,,,,3.0,,,
newton_direction,quadratic_2d_k10,"[-5, 3]","[1, -2]",-4.110697360527118,6.4047456679787536e-15,1,3,3,1,True,converged,quadratic_2d_trajectories,2.0,10.0,,,0.0,,,,,,3.0,,,
dogleg,quadratic_2d_k10,"[-5, 3]","[1, -2]",-4.110697360527119,0.0,4,9,5,4,True,converged,quadratic_2d_trajectories,2.0,10.0,,,,4.0,8.0,,,,3.0,,,
dfp,quadratic_2d_k10,"[-5, 3]","[1, -2]",-4.1106973605271175,9.840502376631984e-12,6,15,13,0,True,converged,quadratic_2d_trajectories,2.0,10.0,,0.0,,,,1.0,,,3.0,,,
bfgs,quadratic_2d_k10,"[-5, 3]","[1, -2]",-4.11069736052712,3.1254611680911655e-11,7,17,15,0,True,converged,quadratic_2d_trajectories,2.0,10.0,,0.0,,,,1.0,,,3.0,,,
lbfgs,quadratic_2d_k10,"[-5, 3]","[1, -2]",-4.110697360527119,1.7434794040522379e-10,10,23,31,0,True,converged,quadratic_2d_trajectories,2.0,10.0,,0.0,,,,1.0,10.0,,3.0,,,
quadratic_cg,quadratic_2d_k10,"[3, -6]","[1, -2]",-4.110697360527118,5.9580819677934555e-15,2,1,3,0,True,converged,quadratic_2d_trajectories,2.0,10.0,,,,,,,,,4.0,,,
nonlinear_cg_fr,quadratic_2d_k10,"[3, -6]","[0.9999999979, -1.999999997]",-4.11069736052712,3.770649055635305e-09,99,454,100,0,True,converged,quadratic_2d_trajectories,2.0,10.0,,2.0,,,,,,,4.0,,,
nonlinear_cg_pr,quadratic_2d_k10,"[3, -6]","[0.9999999997, -2.000000002]",-4.110697360527121,1.2320245414394692e-08,600,16886,601,0,False,max_iter_reached,quadratic_2d_trajectories,2.0,10.0,,11.0,,,,,,,4.0,,,
newton_cholesky,quadratic_2d_k10,"[3, -6]","[1, -2]",-4.11069736052712,2.808666774861361e-15,1,1,2,1,True,converged,quadratic_2d_trajectories,2.0,10.0,,,,,,,,,4.0,,,
newton_direction,quadratic_2d_k10,"[3, -6]","[1, -2]",-4.110697360527119,2.8435583831733384e-15,1,3,3,1,True,converged,quadratic_2d_trajectories,2.0,10.0,,,0.0,,,,,,4.0,,,
dogleg,quadratic_2d_k10,"[3, -6]","[1, -2]",-4.110697360527118,1.9860273225978185e-15,3,7,4,3,True,converged,quadratic_2d_trajectories,2.0,10.0,,,,3.0,4.0,,,,4.0,,,
dfp,quadratic_2d_k10,"[3, -6]","[1, -2]",-4.1106973605271175,6.928799767831521e-10,4,12,9,0,True,converged,quadratic_2d_trajectories,2.0,10.0,,0.0,,,,0.0,,,4.0,,,
bfgs,quadratic_2d_k10,"[3, -6]","[1, -2]",-4.110697360527118,4.385166767369586e-13,5,14,11,0,True,converged,quadratic_2d_trajectories,2.0,10.0,,0.0,,,,1.0,,,4.0,,,
lbfgs,quadratic_2d_k10,"[3, -6]","[1.000000001, -2]",-4.1106973605271175,3.888201646792472e-09,9,22,28,0,True,converged,quadratic_2d_trajectories,2.0,10.0,,0.0,,,,1.0,10.0,,4.0,,,
quadratic_cg,quadratic_2d_k10,"[0, 5]","[1, -2]",-4.110697360527118,7.917252524004877e-14,2,1,3,0,True,converged,quadratic_2d_trajectories,2.0,10.0,,,,,,,,,5.0,,,
nonlinear_cg_fr,quadratic_2d_k10,"[0, 5]","[0.9999999932, -1.999999996]",-4.110697360527122,2.3233736171096162e-08,600,20536,601,0,False,max_iter_reached,quadratic_2d_trajectories,2.0,10.0,,3.0,,,,,,,5.0,,,
nonlinear_cg_pr,quadratic_2d_k10,"[0, 5]","[0.9999999984, -1.999999993]",-4.110697360527121,3.831400231254961e-08,600,17678,601,0,False,max_iter_reached,quadratic_2d_trajectories,2.0,10.0,,4.0,,,,,,,5.0,,,
newton_cholesky,quadratic_2d_k10,"[0, 5]","[1, -2]",-4.110697360527118,3.2023728339893768e-15,1,1,2,1,True,converged,quadratic_2d_trajectories,2.0,10.0,,,,,,,,,5.0,,,
newton_direction,quadratic_2d_k10,"[0, 5]","[1, -2]",-4.110697360527118,3.2023728339893768e-15,1,3,3,1,True,converged,quadratic_2d_trajectories,2.0,10.0,,,0.0,,,,,,5.0,,,
dogleg,quadratic_2d_k10,"[0, 5]","[1, -2]",-4.110697360527119,0.0,4,9,5,4,True,converged,quadratic_2d_trajectories,2.0,10.0,,,,4.0,8.0,,,,5.0,,,
dfp,quadratic_2d_k10,"[0, 5]","[0.9999999999, -2]",-4.110697360527119,2.2012172466230433e-09,4,12,9,0,True,converged,quadratic_2d_trajectories,2.0,10.0,,0.0,,,,0.0,,,5.0,,,
bfgs,quadratic_2d_k10,"[0, 5]","[1, -2]",-4.110697360527118,4.3231260803589947e-10,5,14,11,0,True,converged,quadratic_2d_trajectories,2.0,10.0,,0.0,,,,1.0,,,5.0,,,
lbfgs,quadratic_2d_k10,"[0, 5]","[0.9999999994, -2]",-4.110697360527119,2.4801385171045747e-09,10,24,31,0,True,converged,quadratic_2d_trajectories,2.0,10.0,,0.0,,,,1.0,10.0,,5.0,,,
nonlinear_cg_fr,rosenbrock,"[-1.2, 1]","[0.9999999996, 0.9999999991]",1.8825604222748765e-19,4.269315764022709e-10,226,2979,227,0,True,converged,test_functions,,,,1.0,,,,,,,1.0,1.0,"[1, 1]",9.709310455085956e-10
nonlinear_cg_pr,rosenbrock,"[-1.2, 1]","[1.000000002, 1.000000003]",2.5422195552231453e-18,9.71477301687767e-09,1523,16703,1524,0,True,converged,test_functions,,,,1342.0,,,,,,,1.0,1.0,"[1, 1]",3.5356156373661414e-09
newton_cholesky,rosenbrock,"[-1.2, 1]","[1, 1]",3.4326461875363225e-20,8.285705791275366e-09,6,1,7,6,True,converged,test_functions,,,,,,,,,,,1.0,1.0,"[1, 1]",1.8527623879882174e-11
newton_direction,rosenbrock,"[-1.2, 1]","[1, 1]",7.682025128905186e-24,1.2166683130616293e-10,21,48,44,21,True,converged,test_functions,,,,,0.0,,,,,,1.0,1.0,"[1, 1]",1.2165119381179673e-12
dogleg,rosenbrock,"[-1.2, 1]","[1, 1]",8.588585966562736e-22,1.2685648789709627e-09,24,49,25,24,True,converged,test_functions,,,,,,21.0,0.25,,,,1.0,1.0,"[1, 1]",1.6725412963825122e-11
dfp,rosenbrock,"[-1.2, 1]","[1, 1]",5.375945375660337e-21,2.596574802930343e-09,50,120,101,0,True,converged,test_functions,,,,0.0,,,,3.0,,,1.0,1.0,"[1, 1]",1.0038916557709692e-10
bfgs,rosenbrock,"[-1.2, 1]","[0.9999999999, 0.9999999999]",4.251032362531848e-21,1.0928804084347274e-09,35,90,71,0,True,converged,test_functions,,,,0.0,,,,2.0,,,1.0,1.0,"[1, 1]",1.3532074182522822e-10
lbfgs,rosenbrock,"[-1.2, 1]","[1, 1]",4.712015877679212e-22,1.7888247275202922e-10,35,100,119,0,True,converged,test_functions,,,,0.0,,,,1.0,10.0,,1.0,1.0,"[1, 1]",4.775691161575285e-11
scipy_newton_cg,rosenbrock,"[-1.2, 1]","[-1.2, 1]",24.199999999999996,232.86768775422664,0,1,1,0,False,scipy_not_installed,test_functions,,,,,,,,,,not_installed,1.0,1.0,"[1, 1]",2.2
nonlinear_cg_fr,rosenbrock,"[0, 0]","[0.9999999983, 0.9999999965]",3.009515163156033e-18,1.628231284091724e-09,216,2288,217,0,True,converged,test_functions,,,,4.0,,,,,,,2.0,1.0,"[1, 1]",3.882144140117477e-09
nonlinear_cg_pr,rosenbrock,"[0, 0]","[0.9999999968, 0.9999999936]",1.0237240351559164e-17,9.878234767096136e-09,1063,11639,1064,0,True,converged,test_functions,,,,941.0,,,,,,,2.0,1.0,"[1, 1]",7.144552145129684e-09
newton_cholesky,rosenbrock,"[0, 0]","[1, 1]",4.942706609275402e-30,9.910281314780207e-14,2,1,3,2,True,converged,test_functions,,,,,,,,,,,2.0,1.0,"[1, 1]",4.577566798522237e-16
newton_direction,rosenbrock,"[0, 0]","[1, 0.9999999999]",1.6112811985670643e-21,3.6523418323832653e-10,14,34,31,14,True,converged,test_functions,,,,,0.0,,,,,,2.0,1.0,"[1, 1]",8.797174991599977e-11
dogleg,rosenbrock,"[0, 0]","[1, 1]",9.695100525166235e-28,1.3870423920801706e-12,15,31,16,15,True,converged,test_functions,,,,,,14.0,0.25,,,,2.0,1.0,"[1, 1]",6.89411847443645e-15
dfp,rosenbrock,"[0, 0]","[1, 1.000000001]",7.018714592272605e-20,6.539672168541007e-10,29,66,59,0,True,converged,test_functions,,,,0.0,,,,3.0,,,2.0,1.0,"[1, 1]",5.920881845393998e-10
bfgs,rosenbrock,"[0, 0]","[1, 1]",3.210773950067319e-23,9.926288239669124e-11,27,67,55,0,True,converged,test_functions,,,,0.0,,,,2.0,,,2.0,1.0,"[1, 1]",1.1671631220370067e-11
lbfgs,rosenbrock,"[0, 0]","[1, 1]",1.1983598337164034e-26,2.518622355373389e-12,22,53,69,0,True,converged,test_functions,,,,0.0,,,,1.0,10.0,,2.0,1.0,"[1, 1]",2.1018844222916465e-13
scipy_newton_cg,rosenbrock,"[0, 0]","[0, 0]",1.0,2.0,0,1,1,0,False,scipy_not_installed,test_functions,,,,,,,,,,not_installed,2.0,1.0,"[1, 1]",1.4142135623730951
nonlinear_cg_fr,rosenbrock,"[2, 2]","[0.9999999971, 0.9999999943]",8.23045541235249e-18,9.820629071308342e-09,134,1337,135,0,True,converged,test_functions,,,,2.0,,,,,,,3.0,1.0,"[1, 1]",6.402614288408332e-09
nonlinear_cg_pr,rosenbrock,"[2, 2]","[1.000000003, 1.000000007]",1.0784866409240952e-17,9.898951251762879e-09,1610,17744,1611,0,True,converged,test_functions,,,,1404.0,,,,,,,3.0,1.0,"[1, 1]",7.333976249087796e-09
newton_cholesky,rosenbrock,"[2, 2]","[1, 1]",8.332343311396937e-30,5.773159728050814e-15,5,1,6,5,True,converged,test_functions,,,,,,,,,,,3.0,1.0,"[1, 1]",6.45458879844291e-15
newton_direction,rosenbrock,"[2, 2]","[1, 1]",1.9924676623099143e-21,5.939663973982533e-10,15,36,33,15,True,converged,test_functions,,,,,0.0,,,,,,3.0,1.0,"[1, 1]",9.53953499135647e-11
dogleg,rosenbrock,"[2, 2]","[1, 1]",5.694358725464556e-23,3.2267015955607065e-10,16,33,17,16,True,converged,test_functions,,,,,,14.0,0.5,,,,3.0,1.0,"[1, 1]",4.999729240365005e-12
dfp,rosenbrock,"[2, 2]","[0.9641132559, 0.933698498]",0.003038550883282915,1.8816812677983554,8000,16072,16001,0,False,max_iter_reached,test_functions,,,,0.0,,,,357.0,,,3.0,1.0,"[1, 1]",0.07539063313648725
bfgs,rosenbrock,"[2, 2]","[1, 1]",4.59701512625567e-20,4.5307304885417505e-10,48,127,97,0,True,converged,test_functions,,,,0.0,,,,1.0,,,3.0,1.0,"[1, 1]",4.793717449502293e-10
lbfgs,rosenbrock,"[2, 2]","[1, 1]",1.722462070961733e-22,8.817196949328423e-11,46,114,144,0,True,converged,test_functions,,,,0.0,,,,2.0,10.0,,3.0,1.0,"[1, 1]",2.9043377163142575e-11
scipy_newton_cg,rosenbrock,"[2, 2]","[2, 2]",401.0,1651.1826064975369,0,1,1,0,False,scipy_not_installed,test_functions,,,,,,,,,,not_installed,3.0,1.0,"[1, 1]",1.4142135623730951
nonlinear_cg_fr,himmelblau,"[0, 0]","[3, 2]",9.956366906407542e-19,8.061379469179218e-09,442,4387,443,0,True,converged,test_functions,,,,1.0,,,,,,,1.0,1.0,"[3, 2]",2.6631227323186234e-10
nonlinear_cg_pr,himmelblau,"[0, 0]","[3, 2]",2.976946761071681e-19,5.497955925999546e-09,32,250,33,0,True,converged,test_functions,,,,12.0,,,,,,,1.0,1.0,"[3, 2]",1.2689867455358883e-10
newton_cholesky,himmelblau,"[0, 0]","[0, 0]",170.0,26.076809620810597,0,1,1,1,False,hessian_not_positive_definite,test_functions,,,,,,,,,,,1.0,1.0,"[3, 2]",3.605551275463989
newton_direction,himmelblau,"[0, 0]","[3, 2]",1.262177448353619e-29,4.3220627292571273e-14,7,23,16,7,True,converged,test_functions,,,,,1.0,,,,,,1.0,1.0,"[3, 2]",4.965068306494546e-16
dogleg,himmelblau,"[0, 0]","[3, 2]",1.9753077066734136e-27,5.345860247483353e-13,9,19,10,9,True,converged,test_functions,,,,,,8.0,1.0,,,,1.0,1.0,"[3, 2]",7.93479432612793e-15
dfp,himmelblau,"[0, 0]","[3, 2]",1.2379537890625876e-19,4.031040041074007e-09,11,32,23,0,True,converged,test_functions,,,,0.0,,,,1.0,,,1.0,1.0,"[3, 2]",7.04109281665068e-11
bfgs,himmelblau,"[0, 0]","[3, 2]",1.4283529106159125e-19,3.7924768240683055e-09,10,32,21,0,True,converged,test_functions,,,,0.0,,,,0.0,,,1.0,1.0,"[3, 2]",8.82233878555869e-11
lbfgs,himmelblau,"[0, 0]","[3, 2]",6.181350316711272e-20,1.7833310805002817e-09,11,30,34,0,True,converged,test_functions,,,,0.0,,,,1.0,10.0,,1.0,1.0,"[3, 2]",6.933192165741363e-11
scipy_newton_cg,himmelblau,"[0, 0]","[0, 0]",170.0,26.076809620810597,0,1,1,0,False,scipy_not_installed,test_functions,,,,,,,,,,not_installed,1.0,1.0,"[3, 2]",3.605551275463989
nonlinear_cg_fr,himmelblau,"[-3, 3]","[-2.805118087, 3.131312518]",2.4364507169751115e-19,5.697535015932739e-09,17,125,18,0,True,converged,test_functions,,,,0.0,,,,,,,2.0,2.0,"[-2.805118, 3.131312]",5.254489543510852e-07
nonlinear_cg_pr,himmelblau,"[-3, 3]","[-2.805118087, 3.131312518]",6.89070335503122e-20,3.3318062663936373e-09,17,138,18,0,True,converged,test_functions,,,,15.0,,,,,,,2.0,2.0,"[-2.805118, 3.131312]",5.254543877630768e-07
newton_cholesky,himmelblau,"[-3, 3]","[-2.805118087, 3.131312518]",7.888609052210118e-31,1.1265586220825057e-14,4,1,5,4,True,converged,test_functions,,,,,,,,,,,2.0,2.0,"[-2.805118, 3.131312]",5.254944684825866e-07
newton_direction,himmelblau,"[-3, 3]","[-2.805118087, 3.131312518]",7.888609052210118e-31,1.1265586220825057e-14,4,9,9,4,True,converged,test_functions,,,,,0.0,,,,,,2.0,2.0,"[-2.805118, 3.131312]",5.254944684825866e-07
dogleg,himmelblau,"[-3, 3]","[-2.805118087, 3.131312518]",7.888609052210118e-31,1.1265586220825057e-14,4,9,5,4,True,converged,test_functions,,,,,,4.0,1.0,,,,2.0,2.0,"[-2.805118, 3.131312]",5.254944684825866e-07
dfp,himmelblau,"[-3, 3]","[-2.805118087, 3.131312518]",1.9173467038649334e-23,5.429535745227773e-11,6,24,13,0,True,converged,test_functions,,,,0.0,,,,1.0,,,2.0,2.0,"[-2.805118, 3.131312]",5.254949616094022e-07
bfgs,himmelblau,"[-3, 3]","[-2.805118087, 3.131312518]",3.9226052723871595e-21,7.536054317439365e-10,6,24,13,0,True,converged,test_functions,,,,0.0,,,,0.0,,,2.0,2.0,"[-2.805118, 3.131312]",5.254897976834573e-07
lbfgs,himmelblau,"[-3, 3]","[-2.805118087, 3.131312518]",1.1711342344118425e-20,1.2689604859421928e-09,5,17,16,0,True,converged,test_functions,,,,0.0,,,,0.0,10.0,,2.0,2.0,"[-2.805118, 3.131312]",5.25482157213918e-07
scipy_newton_cg,himmelblau,"[-3, 3]","[-3, 3]",2.0,17.204650534085253,0,1,1,0,False,scipy_not_installed,test_functions,,,,,,,,,,not_installed,2.0,2.0,"[-2.805118, 3.131312]",0.23499326643118956
nonlinear_cg_fr,himmelblau,"[3, -2]","[3.58442834, -1.848126527]",3.8956420883411406e-19,5.822992377755787e-09,58,449,59,0,True,converged,test_functions,,,,0.0,,,,,,,3.0,4.0,"[3.584428, -1.848126]",6.274574521898757e-07
nonlinear_cg_pr,himmelblau,"[3, -2]","[3.58442834, -1.848126527]",2.0073133954591842e-19,6.505517453484892e-09,51,409,52,0,True,converged,test_functions,,,,51.0,,,,,,,3.0,4.0,"[3.584428, -1.848126]",6.273374318671383e-07
newton_cholesky,himmelblau,"[3, -2]","[3.58442834, -1.848126527]",0.0,0.0,5,1,6,5,True,converged,test_functions,,,,,,,,,,,3.0,4.0,"[3.584428, -1.848126]",6.27308796666134e-07
newton_direction,himmelblau,"[3, -2]","[3.58442834, -1.848126527]",0.0,0.0,5,11,11,5,True,converged,test_functions,,,,,0.0,,,,,,3.0,4.0,"[3.584428, -1.848126]",6.27308796666134e-07
dogleg,himmelblau,"[3, -2]","[3.58442834, -1.848126527]",0.0,0.0,5,11,6,5,True,converged,test_functions,,,,,,5.0,1.0,,,,3.0,4.0,"[3.584428, -1.848126]",6.27308796666134e-07
dfp,himmelblau,"[3, -2]","[3.58442834, -1.848126527]",4.5157012873021826e-20,3.04390735686313e-09,8,26,17,0,True,converged,test_functions,,,,0.0,,,,1.0,,,3.0,4.0,"[3.584428, -1.848126]",6.273125812243502e-07
bfgs,himmelblau,"[3, -2]","[3.58442834, -1.848126527]",6.230746073545787e-24,2.486966954727921e-11,9,29,19,0,True,converged,test_functions,,,,0.0,,,,1.0,,,3.0,4.0,"[3.584428, -1.848126]",6.273092111279025e-07
lbfgs,himmelblau,"[3, -2]","[3.58442834, -1.848126527]",5.402401271743975e-20,2.876216027295118e-09,8,23,25,0,True,converged,test_functions,,,,0.0,,,,0.0,10.0,,3.0,4.0,"[3.584428, -1.848126]",6.273304041551553e-07
scipy_newton_cg,himmelblau,"[3, -2]","[3, -2]",16.0,48.662100242385755,0,1,1,0,False,scipy_not_installed,test_functions,,,,,,,,,,not_installed,3.0,4.0,"[3.584428, -1.848126]",0.6038392162322682
nonlinear_cg_fr,himmelblau,"[-4, -4]","[-3.779310253, -3.283185991]",2.545428980374449e-19,6.115252706064016e-09,104,900,105,0,True,converged,test_functions,,,,0.0,,,,,,,4.0,3.0,"[-3.77931, -3.283186]",2.535799943104806e-07
nonlinear_cg_pr,himmelblau,"[-4, -4]","[-3.779310253, -3.283185991]",4.412979801210861e-19,7.907182360782793e-09,22,187,23,0,True,converged,test_functions,,,,3.0,,,,,,,4.0,3.0,"[-3.77931, -3.283186]",2.535799361158901e-07
newton_cholesky,himmelblau,"[-4, -4]","[-3.779310253, -3.283185991]",7.888609052210118e-31,1.1798706146314827e-14,5,1,6,5,True,converged,test_functions,,,,,,,,,,,4.0,3.0,"[-3.77931, -3.283186]",2.5352753975814164e-07
newton_direction,himmelblau,"[-4, -4]","[-3.779310253, -3.283185991]",7.888609052210118e-31,1.1798706146314827e-14,5,11,11,5,True,converged,test_functions,,,,,0.0,,,,,,4.0,3.0,"[-3.77931, -3.283186]",2.5352753975814164e-07
dogleg,himmelblau,"[-4, -4]","[-3.779310253, -3.283185991]",7.888609052210118e-31,1.1798706146314827e-14,5,11,6,5,True,converged,test_functions,,,,,,5.0,1.0,,,,4.0,3.0,"[-3.77931, -3.283186]",2.5352753975814164e-07
dfp,himmelblau,"[-4, -4]","[-3.779310253, -3.283185991]",2.674822815994823e-19,7.129418200671025e-09,9,31,19,0,True,converged,test_functions,,,,0.0,,,,0.0,,,4.0,3.0,"[-3.77931, -3.283186]",2.5352743432206557e-07
bfgs,himmelblau,"[-4, -4]","[-3.779310253, -3.283185991]",5.1542322267852456e-21,1.0784623987124505e-09,9,31,19,0,True,converged,test_functions,,,,0.0,,,,1.0,,,4.0,3.0,"[-3.77931, -3.283186]",2.53530299115076e-07
lbfgs,himmelblau,"[-4, -4]","[-3.779310253, -3.283185991]",9.604192194448566e-23,1.319772902722063e-10,8,23,25,0,True,converged,test_functions,,,,0.0,,,,1.0,10.0,,4.0,3.0,"[-3.77931, -3.283186]",2.5352744663406273e-07
scipy_newton_cg,himmelblau,"[-4, -4]","[-4, -4]",26.0,78.23042886243178,0,1,1,0,False,scipy_not_installed,test_functions,,,,,,,,,,not_installed,4.0,3.0,"[-3.77931, -3.283186]",0.7500175909243727
lbfgs,lbfgs_memory_quadratic,"[0, 0, 0, 0, 0, 0, 0, 0, 0, 0, 0, 0, 0, 0, 0, 0, 0, 0, 0, 0, 0, 0, 0, 0, 0, 0, 0, 0, 0, 0, 0, 0, 0, 0, 0, 0, 0, 0, 0, 0, 0, 0, 0, 0, 0, 0, 0, 0, 0, 0, 0, 0, 0, 0, 0, 0, 0, 0, 0, 0, 0, 0, 0, 0, 0, 0, 0, 0, 0, 0, 0, 0, 0, 0, 0, 0, 0, 0, 0, 0, 0, 0, 0, 0, 0, 0, 0, 0, 0, 0, 0, 0, 0, 0, 0, 0, 0, 0, 0, 0]","[0.5855574987, -0.8951592843, 1.195068539, 0.08541088084, 0.008026487336, 0.8597055208, -0.1547880817, -1.401654712, -0.802204556, -0.5895523057, -0.6495533497, 1.972087441, 0.9325587278, -0.7063350239, 0.1505565217, 1.404608884, 0.06095672672, -0.07027277844, 1.614128553, -1.155863714, -1.281998497, 0.4217105252, -0.6421788033, -0.5173918172, -1.059600457, 1.130585381, 2.262569462, 0.8229362167, 1.341156741, -0.2230073625, -0.5197257135, 0.3908220676, 1.864214989, 0.9392623375, -0.8524590446, 2.521019311, -0.5590944593, -0.5068912039, 0.7858092585, 2.372399525, -0.7467808211, -0.9400752041, 1.913895204, -1.403688389, 0.08605043117, -1.230532277, 0.7097064413, 0.9210610879, -0.1776200875, 0.519028429, 1.43388976, 0.7449567331, -0.7767775927, 0.2791107837, -0.4575929397, 0.129351038, -0.8574055493, -0.3726577249, 1.100628993, -0.0844773642, 1.216062044, 1.139707476, -0.7371329075, 1.090113526, -0.471095199, -0.4154578279, 0.4254054796, -0.6478204277, 1.665006205, -0.2953010598, -0.57466645, 1.788268005, 0.5014763054, 0.432511771, -0.1037368513, -0.3846543169, -0.116072603, -1.48690489, 0.6446569918, 0.2679772934, -0.3719497795, -0.9276416156, -0.9048395769, 1.686629013, -0.1322391334, 0.3620956796, -0.2791975369, 0.9892848643, 0.07008121438, -1.146925018, -0.8488883356, 0.1653235793, 0.6318660555, -2.195841845, 0.2772825356, 1.601766945, -1.949631708, 0.6549198163, -0.212411098, -0.2889361791]",-7751.271793951177,1.5995793040564846e-05,4000,316284,8293,0,False,max_iter_reached,lbfgs_memory,100.0,1000.0,,0.0,,,,3729.0,3.0,,,,,
lbfgs,lbfgs_memory_quadratic,"[0, 0, 0, 0, 0, 0, 0, 0, 0, 0, 0, 0, 0, 0, 0, 0, 0, 0, 0, 0, 0, 0, 0, 0, 0, 0, 0, 0, 0, 0, 0, 0, 0, 0, 0, 0, 0, 0, 0, 0, 0, 0, 0, 0, 0, 0, 0, 0, 0, 0, 0, 0, 0, 0, 0, 0, 0, 0, 0, 0, 0, 0, 0, 0, 0, 0, 0, 0, 0, 0, 0, 0, 0, 0, 0, 0, 0, 0, 0, 0, 0, 0, 0, 0, 0, 0, 0, 0, 0, 0, 0, 0, 0, 0, 0, 0, 0, 0, 0, 0]","[0.585557617, -0.8951596794, 1.19506836, 0.08541148235, 0.008026260225, 0.8597061177, -0.1547881416, -1.401655568, -0.802203602, -0.5895529348, -0.6495534315, 1.972086582, 0.9325582214, -0.7063353088, 0.1505563171, 1.404609525, 0.06095652585, -0.07027289248, 1.614128412, -1.155863889, -1.281998406, 0.4217106123, -0.6421790055, -0.517392321, -1.059601137, 1.130585401, 2.262569401, 0.8229362616, 1.34115741, -0.2230072457, -0.519725973, 0.3908221541, 1.864214786, 0.9392623109, -0.8524588987, 2.521018937, -0.5590948567, -0.5068915209, 0.7858097298, 2.372399873, -0.7467816069, -0.9400752681, 1.913895536, -1.403688769, 0.08605017992, -1.230531845, 0.7097070103, 0.9210608467, -0.1776198995, 0.5190288016, 1.433889509, 0.7449568102, -0.7767778206, 0.2791101226, -0.4575929814, 0.1293499428, -0.8574057277, -0.3726580784, 1.100628757, -0.08447728998, 1.216061625, 1.139707117, -0.7371326315, 1.09011364, -0.4710950665, -0.4154580908, 0.4254053511, -0.6478201228, 1.665006821, -0.295301507, -0.5746674371, 1.788268205, 0.5014757845, 0.4325123803, -0.1037365738, -0.3846543497, -0.1160740461, -1.486904504, 0.6446571318, 0.2679769383, -0.3719497864, -0.9276413175, -0.9048395416, 1.686629025, -0.1322398267, 0.3620963451, -0.2791970415, 0.9892849839, 0.07008067891, -1.146924707, -0.8488877259, 0.1653236044, 0.6318655851, -2.195841813, 0.2772829294, 1.601767045, -1.949632046, 0.6549207364, -0.212411424, -0.2889356007]",-7751.271793951178,1.7294010377431852e-05,4000,313436,8276,0,False,max_iter_reached,lbfgs_memory,100.0,1000.0,,0.0,,,,3730.0,5.0,,,,,
lbfgs,lbfgs_memory_quadratic,"[0, 0, 0, 0, 0, 0, 0, 0, 0, 0, 0, 0, 0, 0, 0, 0, 0, 0, 0, 0, 0, 0, 0, 0, 0, 0, 0, 0, 0, 0, 0, 0, 0, 0, 0, 0, 0, 0, 0, 0, 0, 0, 0, 0, 0, 0, 0, 0, 0, 0, 0, 0, 0, 0, 0, 0, 0, 0, 0, 0, 0, 0, 0, 0, 0, 0, 0, 0, 0, 0, 0, 0, 0, 0, 0, 0, 0, 0, 0, 0, 0, 0, 0, 0, 0, 0, 0, 0, 0, 0, 0, 0, 0, 0, 0, 0, 0, 0, 0, 0]","[0.585557095, -0.8951589124, 1.1950689, 0.08541082523, 0.008026257297, 0.8597053786, -0.1547884062, -1.401654458, -0.8022042463, -0.5895522426, -0.6495528258, 1.972087486, 0.9325588093, -0.7063357693, 0.1505561591, 1.404609968, 0.06095579222, -0.07027369568, 1.614129472, -1.155863614, -1.281998501, 0.4217108255, -0.6421782776, -0.5173929884, -1.059601807, 1.130584775, 2.262568614, 0.822935332, 1.341156982, -0.223007142, -0.5197258801, 0.3908224588, 1.864215429, 0.939262625, -0.8524582294, 2.521019218, -0.5590959249, -0.5068913036, 0.7858099025, 2.372400415, -0.7467808983, -0.9400757868, 1.913894856, -1.403687149, 0.08604986109, -1.23053293, 0.7097060771, 0.9210605839, -0.177620133, 0.5190292909, 1.433889702, 0.7449561861, -0.776778412, 0.279110867, -0.4575932747, 0.1293506924, -0.8574056117, -0.3726575815, 1.100629251, -0.084476551, 1.21606172, 1.139707585, -0.7371322028, 1.090113381, -0.4710948586, -0.415458077, 0.425405769, -0.6478206506, 1.665006019, -0.2953006653, -0.5746661021, 1.788268494, 0.5014766946, 0.4325127796, -0.1037371315, -0.3846553274, -0.116073032, -1.486905399, 0.6446574714, 0.2679776232, -0.3719493818, -0.9276414637, -0.9048402461, 1.686628543, -0.1322380386, 0.3620958546, -0.2791977105, 0.9892846783, 0.0700808594, -1.146925603, -0.8488884146, 0.1653231512, 0.6318654289, -2.195842072, 0.2772832699, 1.601766765, -1.94963207, 0.6549197777, -0.2124106009, -0.2889362227]",-7751.271793951184,1.0821429548665807e-05,4000,307635,8266,0,False,max_iter_reached,lbfgs_memory,100.0,1000.0,,0.0,,,,3755.0,10.0,,,,,
lbfgs,lbfgs_memory_quadratic,"[0, 0, 0, 0, 0, 0, 0, 0, 0, 0, 0, 0, 0, 0, 0, 0, 0, 0, 0, 0, 0, 0, 0, 0, 0, 0, 0, 0, 0, 0, 0, 0, 0, 0, 0, 0, 0, 0, 0, 0, 0, 0, 0, 0, 0, 0, 0, 0, 0, 0, 0, 0, 0, 0, 0, 0, 0, 0, 0, 0, 0, 0, 0, 0, 0, 0, 0, 0, 0, 0, 0, 0, 0, 0, 0, 0, 0, 0, 0, 0, 0, 0, 0, 0, 0, 0, 0, 0, 0, 0, 0, 0, 0, 0, 0, 0, 0, 0, 0, 0]","[0.585557351, -0.8951595542, 1.195068638, 0.08541097556, 0.008025609358, 0.8597053858, -0.154788243, -1.401654275, -0.8022036208, -0.5895524983, -0.6495532027, 1.972087137, 0.9325590282, -0.7063349275, 0.1505565205, 1.404609592, 0.06095605399, -0.07027368648, 1.61412958, -1.155863617, -1.281999113, 0.4217102968, -0.6421783751, -0.5173931929, -1.059601101, 1.130585176, 2.262568912, 0.8229356435, 1.341157519, -0.2230073205, -0.5197261163, 0.3908225555, 1.864214597, 0.9392626544, -0.8524585421, 2.521019044, -0.5590952914, -0.5068912602, 0.7858097653, 2.372400802, -0.7467806913, -0.9400760851, 1.913894612, -1.403687362, 0.0860505588, -1.230532524, 0.709706547, 0.9210608149, -0.1776200509, 0.5190289516, 1.433889589, 0.7449566259, -0.7767780826, 0.2791107307, -0.4575932201, 0.1293509068, -0.8574054438, -0.3726573298, 1.100629151, -0.0844765806, 1.216061761, 1.139706992, -0.7371327754, 1.090113577, -0.4710953225, -0.4154579625, 0.4254055708, -0.6478200003, 1.66500581, -0.2953009654, -0.5746665996, 1.788268356, 0.5014760865, 0.4325127391, -0.1037366662, -0.3846547368, -0.1160735002, -1.486905479, 0.6446576363, 0.267977121, -0.3719495856, -0.9276420663, -0.9048398875, 1.686628121, -0.1322385441, 0.362096328, -0.279197342, 0.9892848477, 0.07008127033, -1.146925453, -0.8488887298, 0.1653241409, 0.6318651652, -2.195841806, 0.2772831848, 1.601766874, -1.949631889, 0.6549201198, -0.2124113952, -0.2889358384]",-7751.271793951182,1.1323901670511743e-05,4000,320003,8268,0,False,max_iter_reached,lbfgs_memory,100.0,1000.0,,0.0,,,,3770.0,20.0,,,,,
